date,meantemp,wind_speed,meanpressure,humidity
01-01-2013,10,0,1015.666667,84.5
02-01-2013,7.4,2.98,1017.8,92
03-01-2013,7.166666667,4.633333333,1018.666667,87
04-01-2013,8.666666667,1.233333333,1017.166667,71.33333333
05-01-2013,6,3.7,1016.5,86.83333333
06-01-2013,7,1.48,1018,82.8
07-01-2013,7,6.3,1020,78.6
08-01-2013,8.857142857,7.142857143,1018.714286,63.71428571
09-01-2013,14,12.5,1017,51.25
10-01-2013,11,7.4,1015.666667,62
11-01-2013,15.71428571,10.57142857,1016.142857,51.28571429
12-01-2013,14,13.22857143,1015.571429,74
13-01-2013,15.83333333,4.633333333,1013.333333,75.16666667
14-01-2013,12.83333333,0.616666667,1015.166667,88.16666667
15-01-2013,14.71428571,0.528571429,1015.857143,71.85714286
16-01-2013,13.83333333,0,1016.666667,86.66666667
17-01-2013,16.5,5.25,1015.833333,80.83333333
18-01-2013,13.83333333,8.95,1014.5,92.16666667
19-01-2013,12.5,5.883333333,1021.666667,76.66666667
20-01-2013,11.28571429,8.471428571,1020.285714,75.28571429
21-01-2013,11.2,2.22,1021,77
22-01-2013,9.5,3.083333333,1021.8,79.66666667
23-01-2013,14,4.016666667,1020.5,60.16666667
24-01-2013,13.83333333,6.166666667,1020.5,60.66666667
25-01-2013,12.25,5.55,1020.75,67
26-01-2013,12.66666667,6.8,1019.666667,64.16666667
27-01-2013,12.85714286,5.557142857,1018.142857,65.57142857
28-01-2013,14.83333333,3.7,1017.833333,56
29-01-2013,14.125,3.2375,1016.625,65.5
30-01-2013,14.71428571,1.057142857,1017.857143,70.42857143
31-01-2013,16.2,2.96,1018.4,65.6
01-02-2013,16,2.22,1016,73
02-02-2013,16.28571429,1.328571429,1017.142857,77.57142857
03-02-2013,18,1.857142857,1015.285714,65.57142857
04-02-2013,17.42857143,11.11428571,1014.571429,74.28571429
05-02-2013,16.625,9.725,1016.375,92.375
06-02-2013,16.66666667,8.633333333,1018.666667,71.33333333
07-02-2013,15.6,10.74,1018.6,59.4
08-02-2013,14,9.257142857,1017.142857,70.42857143
09-02-2013,15.42857143,9.257142857,1016.857143,61.28571429
10-02-2013,15.25,3.475,1017.125,71.5
11-02-2013,15.875,5.325,1016.5,70.5
12-02-2013,15.33333333,7.416666667,1017.5,70.33333333
13-02-2013,16.28571429,6.085714286,1016,70.14285714
14-02-2013,17.33333333,4.333333333,1014.166667,63.83333333
15-02-2013,19.16666667,10.18333333,1011.666667,65.33333333
16-02-2013,14.42857143,8.485714286,1008,92.71428571
17-02-2013,13.66666667,0,1012.666667,90
18-02-2013,15.6,12.22,1016.2,78.4
19-02-2013,15.85714286,5.814285714,1015.714286,82
20-02-2013,17.71428571,5.814285714,1017,74.71428571
21-02-2013,20,6.614285714,1015.428571,67.28571429
22-02-2013,20.5,10.875,1016,65.625
23-02-2013,17.42857143,9.257142857,1017,74.85714286
24-02-2013,16.85714286,7.4,1018.857143,78.85714286
25-02-2013,16.875,4.6375,1018.25,72.875
26-02-2013,17.85714286,17.5875,1015.142857,70
27-02-2013,20.8,6.66,1015.2,57.2
28-02-2013,19.42857143,12.95714286,1017.428571,52.85714286
01-03-2013,17.33333333,24.06666667,1016.333333,49.33333333
02-03-2013,19,15.725,1016.25,54
03-03-2013,19.33333333,8.633333333,1016.166667,62.83333333
04-03-2013,17.6,5.56,1015.8,71
05-03-2013,20.875,4.1625,1016.375,61.875
06-03-2013,20.85714286,6.871428571,1015.714286,65.28571429
07-03-2013,23.42857143,8.728571429,1015.285714,57.14285714
08-03-2013,24.16666667,7.1,1014.833333,44.83333333
09-03-2013,25.42857143,5.285714286,1009.285714,49.71428571
10-03-2013,23.14285714,4.228571429,1008,57.57142857
11-03-2013,24,0.933333333,1011.166667,66.33333333
12-03-2013,23.5,4.933333333,1011.5,62.5
13-03-2013,21.5,5.55,1009,70.5
14-03-2013,22.33333333,12.03333333,1013.166667,61.16666667
15-03-2013,24.16666667,7.716666667,1016.166667,45.83333333
16-03-2013,20.33333333,3.7,1016.166667,67.66666667
17-03-2013,22.66666667,8.95,1015,58.66666667
18-03-2013,23.42857143,17.45714286,1009.428571,58.14285714
19-03-2013,22.5,10.48333333,1011,73.66666667
20-03-2013,29.16666667,6.8,1009.5,36.33333333
21-03-2013,23.83333333,10.5,1008.333333,58.5
22-03-2013,25.25,9.7125,1006.375,50.25
23-03-2013,27.375,9.95,1007.625,50.125
24-03-2013,27,10.8875,1010.25,48.75
25-03-2013,23.5,15.9625,1010.625,45.5
26-03-2013,24.14285714,12.95714286,1008.857143,44.57142857
27-03-2013,21,1.85,1009,62
28-03-2013,22.42857143,7.414285714,1009.571429,62.71428571
29-03-2013,21.25,5.55,1009.75,70.375
30-03-2013,23.5,11.1125,1008.625,54.75
31-03-2013,23.2,6.66,1008.6,58
01-04-2013,25.375,4.4,1008.5,45.5
02-04-2013,25.16666667,8.65,1009.5,51
03-04-2013,26.2,8.14,1009,45.6
04-04-2013,24.6,11.12,1007.8,41.8
05-04-2013,25.6,15.56,1007,31
06-04-2013,25.85714286,11.9,1006.142857,29.85714286
07-04-2013,29.14285714,10.31428571,1005,23.28571429
08-04-2013,28.71428571,5.3,1006,33.85714286
09-04-2013,30.16666667,8.65,1005.333333,30.5
10-04-2013,30,6.1,1006.714286,28
11-04-2013,30,7.78,1006.4,24.2
12-04-2013,28.85714286,6.342857143,1007.571429,32.57142857
13-04-2013,30.2,10,1008.4,29.2
14-04-2013,28.25,6.4875,1007,39.375
15-04-2013,28.25,6.25,1003.875,41.375
16-04-2013,32.125,10.425,1000,24.625
17-04-2013,29.2,6.66,1002.2,24.2
18-04-2013,30.28571429,4.757142857,1002.857143,30.28571429
19-04-2013,28.28571429,3.971428571,1002.571429,31.28571429
20-04-2013,30.625,7.6375,1003.375,29
21-04-2013,27.66666667,13.88333333,1006.833333,38.66666667
22-04-2013,27.375,7.65,1010,45.375
23-04-2013,28.625,4.625,1009.875,44.125
24-04-2013,30.28571429,2.114285714,1008.571429,41.71428571
25-04-2013,31.14285714,3.7,1007.714286,38.28571429
26-04-2013,29.875,6.7125,1008.375,45.875
27-04-2013,31.14285714,13.48571429,1007,31.42857143
28-04-2013,30.57142857,12.97142857,1005.428571,28
29-04-2013,32.125,7.875,1004.875,26.375
30-04-2013,31.14285714,7.928571429,1004.857143,32
01-05-2013,31.85714286,12.68571429,1002.833333,15.85714286
02-05-2013,29.83333333,11.43333333,1001.2,22.16666667
03-05-2013,28.57142857,9,999.4285714,31.57142857
04-05-2013,32.85714286,2.914285714,999,31.42857143
05-05-2013,32.625,3.0125,1000.625,31.125
06-05-2013,32.75,3.7,1001.625,39.25
07-05-2013,32.875,7.175,1002,33.25
08-05-2013,34.5,9.25,1001.166667,23
09-05-2013,34.28571429,8.985714286,1000.857143,26
10-05-2013,34,9.528571429,1000.142857,27.71428571
11-05-2013,30.75,14.8125,999.875,30.375
12-05-2013,29.85714286,5.828571429,1003.714286,40.14285714
13-05-2013,31.71428571,3.971428571,1003.571429,34
14-05-2013,32.28571429,4.771428571,1001.571429,34.28571429
15-05-2013,33,3.2375,999.8571429,33
16-05-2013,33,7.175,998.5,34.75
17-05-2013,32.83333333,9.866666667,1000.333333,28.16666667
18-05-2013,31.4,12.96666667,999,42.2
19-05-2013,35.33333333,15.75,999.6666667,22.33333333
20-05-2013,36.4,7.4,998.4,24.2
21-05-2013,36,11.37142857,998.6666667,19
22-05-2013,36.75,17.5875,998.625,22.125
23-05-2013,37.5,13.56666667,997.1666667,23.33333333
24-05-2013,38.42857143,11.38571429,996.4285714,27.42857143
25-05-2013,38.71428571,10.31428571,998.1428571,22.42857143
26-05-2013,37.8,10.74,998.2,21.2
27-05-2013,35.85714286,8.728571429,999.1428571,31.57142857
28-05-2013,35.33333333,8.333333333,1000.166667,29
29-05-2013,34.14285714,5.557142857,999.4285714,27.85714286
30-05-2013,32.2,5.56,999.6,28.2
31-05-2013,33.625,10.6375,998.7142857,40.125
01-06-2013,32,13.4375,998.75,54
02-06-2013,32.4,14.2,1001,56.6
03-06-2013,35.6,12.24,999.6,47
04-06-2013,35.85714286,5.028571429,999.8571429,42.57142857
05-06-2013,37.16666667,9.866666667,998,36.5
06-06-2013,31.28571429,10.04285714,997.2857143,61.71428571
07-06-2013,34,7.4125,998,49.25
08-06-2013,34.2,13.34,997,57.4
09-06-2013,36.16666667,11.41666667,995.1666667,40
10-06-2013,36.625,8.1,995.125,42.75
11-06-2013,30.16666667,16.35,1000,61.66666667
12-06-2013,34.14285714,7.414285714,998,54.14285714
13-06-2013,29.83333333,9.866666667,998.6666667,68.66666667
14-06-2013,30.14285714,7.942857143,997.4285714,68.14285714
15-06-2013,30.71428571,13.22857143,997.8571429,65
16-06-2013,27,8.485714286,996.4285714,88.85714286
17-06-2013,26.875,8.3375,994.75,87.375
18-06-2013,28.4,5.18,996.4,83.6
19-06-2013,29.85714286,4.228571429,999,72.85714286
20-06-2013,33,4.771428571,997.1666667,52.71428571
21-06-2013,34.83333333,5.866666667,995.3333333,47.33333333
22-06-2013,35.6,10.74,996.2,39.4
23-06-2013,35.16666667,8.35,995.6666667,53
24-06-2013,33.14285714,13.22857143,996.2857143,55
25-06-2013,30.57142857,11.11428571,999.1666667,70.42857143
26-06-2013,30.66666667,6.483333333,999,71.5
27-06-2013,31.42857143,7.957142857,996.7142857,61.85714286
28-06-2013,31.5,8.8125,996,64.25
29-06-2013,33.25,13.875,995.25,57
30-06-2013,32.83333333,10.5,997.1666667,52.16666667
01-07-2013,33.85714286,8.728571429,996.4285714,54
02-07-2013,33.14285714,9.8,996,58.28571429
03-07-2013,31.57142857,6.357142857,997.5714286,70
04-07-2013,32.375,9.25,997,67.5
05-07-2013,32.8,12.96,997.8,62.2
06-07-2013,31,11.37142857,1000.571429,73.14285714
07-07-2013,31.16666667,7.1,1000.166667,77.33333333
08-07-2013,29.83333333,6.483333333,997.5,75.16666667
09-07-2013,29,8.016666667,996.8333333,78.83333333
10-07-2013,29.75,6.4875,995.75,75.375
11-07-2013,32.5,7.116666667,997.3333333,65.5
12-07-2013,28.875,5.5625,1000,86.625
13-07-2013,31.75,12.0625,998.875,70.25
14-07-2013,30.75,4.8125,997.375,71.625
15-07-2013,31.75,13.5375,998.375,73.25
16-07-2013,29.875,9,999,83.875
17-07-2013,31.125,8.65,998,78.375
18-07-2013,31.75,5.55,995,76
19-07-2013,30.5,9.266666667,995.3333333,73.5
20-07-2013,26.83333333,4.933333333,999.1666667,90.66666667
21-07-2013,28.2,2.24,996.4,88
22-07-2013,29.5,4.333333333,996.8333333,80.33333333
23-07-2013,31.85714286,3.971428571,998,70.71428571
24-07-2013,29.71428571,3.971428571,997.1428571,84.14285714
25-07-2013,28.33333333,8.016666667,995.1666667,84.5
26-07-2013,30,5.571428571,995.4285714,73.85714286
27-07-2013,30.14285714,4.228571429,997.2857143,79
28-07-2013,32.28571429,6.085714286,998.1428571,67.42857143
29-07-2013,31,4.771428571,997.1428571,77.42857143
30-07-2013,30.5,8.016666667,996.5,75.66666667
31-07-2013,28.83333333,9.866666667,996.6666667,78.5
01-08-2013,30,5.55,998,73.5
02-08-2013,31.57142857,11.11428571,999.4285714,66.42857143
03-08-2013,32.5,10.81666667,1000.833333,62.33333333
04-08-2013,32.5,5.1,993.25,62.5
05-08-2013,29.5,6.783333333,1001,77
06-08-2013,27.16666667,4.016666667,1002.166667,90.66666667
07-08-2013,28.375,3.25,1001.875,85.25
08-08-2013,28.5,6.166666667,1000.5,84
09-08-2013,27.16666667,3.716666667,1001,87.5
10-08-2013,29.42857143,6.1,1000.333333,79.85714286
11-08-2013,30,6.8,1001.166667,76.83333333
12-08-2013,29.5,8.35,1001,81.5
13-08-2013,30.75,11.125,999.25,72
14-08-2013,29.66666667,9.866666667,999.8333333,74.33333333
15-08-2013,27.71428571,8.2,1001.714286,85
16-08-2013,26.6,4.46,1000.8,92
17-08-2013,27.42857143,14.28571429,999.4285714,91
18-08-2013,28.33333333,1.233333333,1000.166667,83.83333333
19-08-2013,28.16666667,5.55,1000.5,84.66666667
20-08-2013,27.375,5.325,999,88.5
21-08-2013,28.33333333,10.31428571,999.2857143,81.16666667
22-08-2013,29.16666667,6.483333333,1001.166667,74.83333333
23-08-2013,31.28571429,2.642857143,1001.428571,73.14285714
24-08-2013,32,18.525,1000.333333,71.25
25-08-2013,29,0.925,998.75,90.75
26-08-2013,32,6.475,997.8571429,69.875
27-08-2013,32.14285714,17.07142857,999.8571429,57.28571429
28-08-2013,30.14285714,11.64285714,1003.714286,60.71428571
29-08-2013,31.5,9.275,1003.25,57
30-08-2013,29.16666667,3.1,1003.5,73
31-08-2013,29,4.65,1003.25,71.75
01-09-2013,30,11.48,1003.2,65.2
02-09-2013,31.85714286,15.34285714,1003.714286,50.85714286
03-09-2013,32.75,14.8,1001.5,45.5
04-09-2013,31.71428571,14.54285714,1002.166667,48
05-09-2013,31.66666667,13.56666667,1001.5,46
06-09-2013,30.57142857,10.04285714,1003.428571,55.71428571
07-09-2013,30.83333333,6.783333333,1004.166667,51.83333333
08-09-2013,28,2.325,1007.25,71.75
09-09-2013,31,42.22,1007,57.5
10-09-2013,29.66666667,3.7,1005.333333,66.33333333
11-09-2013,30.85714286,3.971428571,1005.571429,61.14285714
12-09-2013,31.16666667,2.783333333,1008.166667,60.33333333
13-09-2013,31.14285714,3.171428571,1007.142857,67.14285714
14-09-2013,30.5,2.783333333,1003.833333,67
15-09-2013,31.625,3.9375,1001.375,56.375
16-09-2013,29.66666667,7.1,1002.333333,60
17-09-2013,29.25,3.475,1002.875,56.5
18-09-2013,29.14285714,5.557142857,1003.142857,58.57142857
19-09-2013,29.8,2.96,1001.8,61.6
20-09-2013,28.66666667,9.583333333,1003,70
21-09-2013,25.2,5.18,1003,89
22-09-2013,28.33333333,3.083333333,1001.666667,79.66666667
23-09-2013,30.28571429,4.5,1001,68
24-09-2013,30.75,5.7875,1002.75,65.75
25-09-2013,28.57142857,6.614285714,1005.428571,75
26-09-2013,28.2,4.08,1006.6,78.8
27-09-2013,29,7.4125,1005.625,71.25
28-09-2013,30,1.233333333,1005.333333,67.33333333
29-09-2013,28.14285714,5.557142857,1003.857143,79.85714286
30-09-2013,26.85714286,4.228571429,1004.714286,84.57142857
01-10-2013,28.28571429,6.371428571,1007.714286,68.71428571
02-10-2013,29.2,7.42,1010,61.4
03-10-2013,28.6,7.4,1008.6,59
04-10-2013,24.83333333,6.783333333,1007.5,84.33333333
05-10-2013,28.5,2.0875,1004.125,69
06-10-2013,29.75,1.85,1005.25,66.5
07-10-2013,29.71428571,1.585714286,1008.857143,66.57142857
08-10-2013,29.2,0,1009.8,69.4
09-10-2013,30.83333333,5.566666667,1010.333333,65.5
10-10-2013,29.42857143,3.971428571,1010.857143,66.28571429
11-10-2013,23.85714286,4.242857143,1010.571429,89.85714286
12-10-2013,26.14285714,2.914285714,1008.285714,82.57142857
13-10-2013,27.16666667,0.616666667,1007.666667,84.33333333
14-10-2013,27.71428571,5.557142857,1007,74.85714286
15-10-2013,25.85714286,3.7,1009.142857,76.42857143
16-10-2013,26.42857143,0,1009,75
17-10-2013,26.85714286,1.057142857,1010.428571,76.71428571
18-10-2013,26.33333333,0,1010.5,73.16666667
19-10-2013,24.57142857,2.114285714,1011.571429,69.57142857
20-10-2013,24.33333333,1.55,1010.666667,67.83333333
21-10-2013,24.875,1.3875,1009.875,63.625
22-10-2013,27.8,0,1011,53.6
23-10-2013,25,1.1625,1013.625,67.5
24-10-2013,23.85714286,1.057142857,1013.285714,73.14285714
25-10-2013,22.8,1.86,1011,75.8
26-10-2013,23,0.74,1011.2,78.2
27-10-2013,22.875,2.55,1010.625,66.875
28-10-2013,22.66666667,4.933333333,1010,63.16666667
29-10-2013,23,3.971428571,1011.142857,62.71428571
30-10-2013,22.85714286,2.385714286,1012.857143,67.42857143
31-10-2013,23.66666667,3.083333333,1012.833333,58.83333333
01-11-2013,23.42857143,1.057142857,1013.285714,69.14285714
02-11-2013,21.625,4.6375,1014.5,65
03-11-2013,20.625,5.5625,1016,57.875
04-11-2013,21.16666667,2.466666667,1017.5,54.16666667
05-11-2013,18.83333333,0,1017.5,74.33333333
06-11-2013,20.57142857,3.185714286,1015.857143,66.71428571
07-11-2013,20.14285714,4.5,1015.666667,73.14285714
08-11-2013,18,19.9125,1015.625,82.2
09-11-2013,19.85714286,0.528571429,1016.714286,73.57142857
10-11-2013,16.83333333,2.466666667,1016,72
11-11-2013,18.85714286,5.814285714,1013.428571,61.85714286
12-11-2013,16.57142857,0.8,1013.857143,71.71428571
13-11-2013,17.75,3.0125,1014.25,65
14-11-2013,17.625,3.475,1015.25,63.375
15-11-2013,17,0.925,1016.5,67
16-11-2013,16.625,0,1018,69.625
17-11-2013,15.57142857,2.385714286,1017.714286,67.42857143
18-11-2013,18.5,7.4125,1016.875,55.125
19-11-2013,17.875,7.175,1015.5,63.5
20-11-2013,18.25,2.55,1012.75,58.875
21-11-2013,17.875,2.0875,1013.125,66.25
22-11-2013,17.625,1.1625,1015.75,74.875
23-11-2013,18.14285714,0.8,1014.571429,77.85714286
24-11-2013,19.125,5.0875,1014.5,58.875
25-11-2013,21.25,9.5,1012.875,49.875
26-11-2013,21.25,9.75,1011.75,51.375
27-11-2013,19.125,2.7875,1014.75,68.5
28-11-2013,18.625,1.85,1017.75,71.875
29-11-2013,17.75,4.8625,1016.875,66.625
30-11-2013,17.875,11.8125,1015.875,69.625
01-12-2013,18,1.585714286,1016.142857,65
02-12-2013,17.25,1.85,1015.875,73.25
03-12-2013,17.5,1.3875,1016.75,73.5
04-12-2013,17.14285714,4.228571429,1017,71.85714286
05-12-2013,17.14285714,6.885714286,1015.285714,69
06-12-2013,16.125,3.7125,1014,72.375
07-12-2013,16,1.1625,1014.25,80.5
08-12-2013,16.5,0,1014,83.625
09-12-2013,16.125,2.3125,1013.5,79.25
10-12-2013,15.5,2.55,1013.75,81.75
11-12-2013,16.625,6.475,1014.125,71.875
12-12-2013,17.75,16.9,1012.5,62.375
13-12-2013,17.14285714,11.62857143,1012,67.71428571
14-12-2013,16.14285714,0.8,1012.571429,79
15-12-2013,15.5,2.55,1015.125,86.25
16-12-2013,15.25,1.1625,1015.625,89.5
17-12-2013,14.75,0.925,1014.25,92.875
18-12-2013,14.875,2.0875,1012.625,93
19-12-2013,16.125,3.25,1012.875,89.125
20-12-2013,15.375,4.4125,1016,91.375
21-12-2013,14.75,0.4625,1017,94
22-12-2013,15.25,1.3875,1018.375,94
23-12-2013,14.25,9.025,1020.5,88.25
24-12-2013,13.5,5.7875,1021.375,84.75
25-12-2013,13.66666667,34.4875,1020.625,63.16666667
26-12-2013,12.125,4.4,1019.25,67.625
27-12-2013,11.875,1.1625,1018.625,79.875
28-12-2013,10.875,5.325,1019.25,70
29-12-2013,10.57142857,5.325,1018.5,69.42857143
30-12-2013,12.375,6.475,1018.125,79.5
31-12-2013,14.5,4.8625,1020.5,89.375
01-01-2014,13.375,7.65,1021,89.625
02-01-2014,11,8.1,1020.25,78.375
03-01-2014,12.5,5.325,1017.75,74.875
04-01-2014,12.875,1.1625,1016.25,88.125
05-01-2014,12.375,0.4625,1014.5,89
06-01-2014,11.42857143,27.3375,1017.625,86.28571429
07-01-2014,12.14285714,20.6,1017.75,72.28571429
08-01-2014,11.875,1.85,1017.875,76.875
09-01-2014,12.83333333,1.233333333,1017,83
10-01-2014,12.375,0,1016.625,85.375
11-01-2014,12.125,6.725,1019.625,82.625
12-01-2014,12.875,3.25,1020.75,80.875
13-01-2014,14,1.1625,1019.375,72.375
14-01-2014,14.875,2.7875,1017,76.75
15-01-2014,12,0.4625,1019.75,93.5
16-01-2014,12.28571429,1.585714286,1019.571429,90.57142857
17-01-2014,12,1.1625,1017.625,95.75
18-01-2014,12.5,1.85,1020.25,94.25
19-01-2014,14.5,3.475,1023,84.5
20-01-2014,14.625,4.4125,1021.375,83.5
21-01-2014,13.57142857,7.171428571,1020.571429,96.85714286
22-01-2014,15.25,6.7125,1019.875,96.125
23-01-2014,15.625,6.7125,1020.25,90.125
24-01-2014,13.875,8.1125,1019.25,88.875
25-01-2014,11.75,8.3375,1019.75,95.625
26-01-2014,14.375,8.8125,1019.125,85.75
27-01-2014,16.625,9.95,1018.75,72.375
28-01-2014,16.625,7.4125,1016.75,69.875
29-01-2014,14.875,4.625,1018.625,81.875
30-01-2014,14.5,0.925,1019.375,83.25
31-01-2014,14.75,3.0125,1019.25,82.5
01-02-2014,14,2.55,1019.75,79.375
02-02-2014,15.25,1.85,1016.875,76.125
03-02-2014,18.42857143,12.2875,1014.125,63.85714286
04-02-2014,18.85714286,13.425,1011,65.42857143
05-02-2014,17,1.625,1011.5,72.75
06-02-2014,18.5,6.0125,1010.875,65.375
07-02-2014,19.625,15.05,1009.25,67.25
08-02-2014,13.625,8.1125,1011.375,85.375
09-02-2014,12.875,9.2625,1012,63.375
10-02-2014,12.625,3.7,1012.5,61.75
11-02-2014,13.375,3.7,1013.5,64.625
12-02-2014,13.25,9.2625,1013.5,67
13-02-2014,15.25,4.875,1013.625,64.5
14-02-2014,13,5.3375,1011.875,95.5
15-02-2014,12.375,3.9375,1012.875,89.5
16-02-2014,13.5,8.7875,1016,79
17-02-2014,15.125,12.725,1017.75,66.125
18-02-2014,15.25,8.8,1017.375,60.125
19-02-2014,15.125,1.85,1016.625,75.375
20-02-2014,16.125,1.8625,1014.75,78.625
21-02-2014,17.125,8.7875,1014.25,72.25
22-02-2014,16.625,6.25,1017.375,85.625
23-02-2014,16.5,7.8875,1019.375,80
24-02-2014,16.375,5.3375,1018.625,69.375
25-02-2014,18.125,0.925,1017.25,69
26-02-2014,18.75,2.0875,1014.25,71.125
27-02-2014,18.625,7.175,1013.125,76.625
28-02-2014,15.625,5.8,1013.125,88.375
01-03-2014,16.14285714,4.242857143,1015.285714,87.28571429
02-03-2014,16.125,5.7875,1017.125,79
03-03-2014,17.875,3.7,1016.25,65.625
04-03-2014,18.75,3.7125,1016.5,66.375
05-03-2014,18.875,5.325,1016.125,67
06-03-2014,18.375,4.6375,1016.375,64
07-03-2014,18.5,6.7125,1017.125,62.875
08-03-2014,19.875,9.9625,1017,63.875
09-03-2014,22,7.65,1014.5,56.625
10-03-2014,20,10.8875,1014.375,63.875
11-03-2014,20.71428571,15.6,1013.714286,70
12-03-2014,20,6.4875,1016.25,68.875
13-03-2014,19,9.95,1016.25,60.625
14-03-2014,19.625,5.8,1015,61.25
15-03-2014,21.625,2.7875,1016.375,62.625
16-03-2014,23.125,6.25,1015.375,58.5
17-03-2014,26.25,6.7125,1011.25,52.125
18-03-2014,24.85714286,9.8,1012.857143,53.42857143
19-03-2014,21.75,10.1875,1013.25,57.375
20-03-2014,21.5,7.4,1010.75,55
21-03-2014,22.5,5.3375,1007.125,64.75
22-03-2014,25,3.0125,1007,59.5
23-03-2014,22.75,9.025,1010.625,61.875
24-03-2014,22.375,9.4875,1011.625,73.125
25-03-2014,24.625,2.775,1010.5,60.25
26-03-2014,25.125,2.775,1010.625,58.875
27-03-2014,23.5,4.8875,1011.75,63.25
28-03-2014,24.42857143,4.5,1011.142857,67.57142857
29-03-2014,25.875,8.35,1011.25,55.625
30-03-2014,24.125,13.9,1009.875,46.75
31-03-2014,24.125,13.2,1008.25,44.125
01-04-2014,24.875,9.7125,1006.125,45.75
02-04-2014,26.75,7.175,1005.75,43.375
03-04-2014,25,10.425,1010.375,48
04-04-2014,25.85714286,11.91428571,1009.857143,47.85714286
05-04-2014,27.375,9.2625,1008.875,44
06-04-2014,30.125,6.7125,1007.5,45.25
07-04-2014,27.25,12.9625,1009.625,47.625
08-04-2014,25.75,12.725,1010.375,41.875
09-04-2014,25.75,12.7375,1010.25,35.25
10-04-2014,26.375,12.5,1010.875,29.25
11-04-2014,28.14285714,10.05714286,1008.571429,29
12-04-2014,29.125,5.1,1007.125,39.875
13-04-2014,26.875,15.5125,1009.625,40.375
14-04-2014,27.625,5.35,1010.625,46.625
15-04-2014,29,2.55,1009.125,48.125
16-04-2014,27.125,4.4,1008.25,53.625
17-04-2014,26.375,9.25,1007,49.625
18-04-2014,24.25,14.3375,1011.625,64.375
19-04-2014,25.625,5.1,1011.375,57.875
20-04-2014,27,4.6375,1010.5,48
21-04-2014,28,8.8125,1010,33.125
22-04-2014,29.375,12.5,1011.75,29.375
23-04-2014,29.125,6.025,1009,37
24-04-2014,29.375,7.875,1005.875,35.875
25-04-2014,30.625,8.1125,1006.125,34.375
26-04-2014,31.5,8.1125,1006.375,32
27-04-2014,30.625,8.35,1007.125,30
28-04-2014,31.5,10.1875,1005.625,27.875
29-04-2014,32.125,8.325,1003.875,28.875
30-04-2014,33.25,5.3375,1003.75,25.5
01-05-2014,34.875,9.7375,1001.5,22.5
02-05-2014,34.375,6.4875,1001.875,24.75
03-05-2014,31.75,6.475,1003.625,33.375
04-05-2014,31.875,5.8,1003,34.375
05-05-2014,29.75,9.0375,1005.75,53.25
06-05-2014,29.57142857,6.885714286,1006.857143,51.14285714
07-05-2014,31.75,1.85,1004.25,48.625
08-05-2014,31.375,10.6625,1002.625,43
09-05-2014,30.5,6.4875,1000.428571,39.625
10-05-2014,30,7.8875,1000.75,37.625
11-05-2014,29.625,7.65,1004,40.375
12-05-2014,28,10.8875,1004.875,53.375
13-05-2014,25.25,9.9625,1008.375,65.75
14-05-2014,26.875,8.575,1006.5,55.25
15-05-2014,29.5,11.125,1004.25,39.875
16-05-2014,31.125,9.4875,1003.5,40.25
17-05-2014,29.875,7.175,1007,47.625
18-05-2014,31.5,13.9,1007.375,35.375
19-05-2014,32.375,11.575,1006.625,29.5
20-05-2014,31.125,7.6375,1006.625,34
21-05-2014,33,9.7125,1002.125,32.5
22-05-2014,33.25,11.1125,999.5,33.375
23-05-2014,34.625,19.45,1000,32.75
24-05-2014,31.5,6.725,1004.125,50.5
25-05-2014,31.5,16.4375,1005.5,43.25
26-05-2014,30.125,4.175,1007.125,54.125
27-05-2014,31.875,2.55,1004.75,49.75
28-05-2014,33.625,3.95,1001.25,44.5
29-05-2014,35.25,4.4,999.375,40.125
30-05-2014,33.125,11.5875,999.5714286,44.5
31-05-2014,34.625,6.4875,999.625,39
01-06-2014,32.75,16.2,1003.25,34.25
02-06-2014,32.75,4.6375,1003.25,41.375
03-06-2014,34.875,6.4875,1000,33.625
04-06-2014,35.25,7.1875,998.125,33.125
05-06-2014,36.875,8.5625,996.125,26.875
06-06-2014,37.5,10.2,994.875,27.625
07-06-2014,38.5,13.1875,994,22.75
08-06-2014,37.625,6.725,993.125,26.25
09-06-2014,37.875,6.025,993.125,32.125
10-06-2014,37.25,12.0375,994.75,20.875
11-06-2014,37.625,14.8125,995.625,23.125
12-06-2014,32.875,24.325,997,39.25
13-06-2014,30.25,16.6625,997.625,55.125
14-06-2014,30.5,6.4875,997.375,66.875
15-06-2014,33.875,8.1,997.125,52
16-06-2014,36.375,10.8875,995.625,41.375
17-06-2014,36.875,15.9625,994.125,42.125
18-06-2014,33.875,10.425,994.25,58
19-06-2014,35.75,10.8875,993.25,47.875
20-06-2014,38,17.825,991.375,36.125
21-06-2014,36.875,9.7375,993.875,40.125
22-06-2014,34.5,4.4,996.375,46.75
23-06-2014,32.125,6.7125,996.25,49.75
24-06-2014,33,10.1875,995.5,46.25
25-06-2014,32.25,13.2,997.625,53.25
26-06-2014,32.5,3.2375,1001,60.375
27-06-2014,34.75,9.4875,1001.625,48.5
28-06-2014,34.875,5.7875,999.375,49
29-06-2014,33,9.7125,997.75,57.75
30-06-2014,32,3.25,997.5,67.75
01-07-2014,31.375,6.25,1000.875,65.125
02-07-2014,29.5,5.7875,1001.125,71.375
03-07-2014,28.875,5.0875,998.2857143,75.125
04-07-2014,31.38888889,4.333333333,998.7777778,69
05-07-2014,34.70588235,9.202941176,1000.705882,52.05882353
06-07-2014,30.625,3.7125,1000.5,61.125
07-07-2014,34,5.5625,998.25,48.75
08-07-2014,35,9.725,996.875,39.5
09-07-2014,36,13.65,996.5,37.125
10-07-2014,36.125,11.3375,996.875,38.75
11-07-2014,36.625,8.7875,996.125,38.625
12-07-2014,35.875,5.3375,996,51.375
13-07-2014,31.625,6.025,998,69.75
14-07-2014,32.375,6.725,997.125,67.875
15-07-2014,33.125,8.825,996,62.625
16-07-2014,32.625,10.45,997.25,63
17-07-2014,30.75,6.725,996.125,74.25
18-07-2014,27.25,2.55,994.875,83.875
19-07-2014,29.875,6.25,995.125,71
20-07-2014,30.875,6.2625,996.75,68.875
21-07-2014,32.125,4.65,996,65.5
22-07-2014,31.625,7.175,997,69.75
23-07-2014,30.625,8.1125,997.75,72.875
24-07-2014,30.5,12.0375,998.7142857,63.625
25-07-2014,30.75,9.9625,1000.75,63.25
26-07-2014,32.5,7.175,1001.875,61.5
27-07-2014,31.71428571,6.25,1001.875,65.42857143
28-07-2014,30,18.05,999.375,75.75
29-07-2014,30.25,5.7875,999.25,69.875
30-07-2014,31.875,4.175,999.5714286,65.75
31-07-2014,32.5,7.425,999.625,65.75
01-08-2014,33.25,6.5,998,59.5
02-08-2014,30.125,0.925,997.125,77.75
03-08-2014,31.5,5.7875,995.375,66.25
04-08-2014,30.5,5.1,996.125,69.75
05-08-2014,29.75,1.85,997.5,77.5
06-08-2014,32.125,5.5625,996.875,65
07-08-2014,31.125,6.95,997,65.375
08-08-2014,31,6.0125,998.375,67.875
09-08-2014,29.23529412,6.652941176,1001.647059,80.47058824
10-08-2014,28.5,5.225,1002.15625,89.90625
11-08-2014,31.125,3.0125,999.875,72.125
12-08-2014,32.125,8.3375,998.75,57.5
13-08-2014,32.125,20.825,998.25,57.71428571
14-08-2014,30.375,18.5125,997.375,57.5
15-08-2014,31.125,14.5875,998.875,54.875
16-08-2014,30.42857143,8.35,1002.5,59.85714286
17-08-2014,31.375,7.1875,1003.25,53.875
18-08-2014,31.875,5.5625,1005.375,56.625
19-08-2014,33,6.885714286,1004.857143,52.42857143
20-08-2014,33.25,8.7875,1002.375,47.125
21-08-2014,32.5,10.8875,1001.25,43
22-08-2014,33,8.5625,1002.857143,47.125
23-08-2014,33.125,9.2625,1003.25,45.75
24-08-2014,33.125,11.35,1002.875,46.25
25-08-2014,33.875,7.875,1002.375,46.625
26-08-2014,34.125,9.9625,1001.375,40.25
27-08-2014,33.85714286,8.1125,1001.125,44.71428571
28-08-2014,29.625,6.725,1003.75,67.75
29-08-2014,30.375,3.7,1003.5,69.25
30-08-2014,28.625,4.1625,1002.625,78.125
31-08-2014,27.625,4.4125,1001.25,86.125
01-09-2014,29.42857143,15.5125,1001.125,65.85714286
02-09-2014,29.25,10.425,1001.875,71
03-09-2014,28.625,15.0375,1001.428571,77.875
04-09-2014,27.875,9.275,1000.375,80.75
05-09-2014,26.5,8.3375,1000.142857,85.75
06-09-2014,28.5,2.0875,1002.375,76.875
07-09-2014,31,1.4,1003.25,67.625
08-09-2014,31.25,3.475,1003.125,66.375
09-09-2014,31,1.85,1002.375,70.125
10-09-2014,28.75,4.875,1003.25,77.5
11-09-2014,26.57142857,17.825,1005.571429,85.71428571
12-09-2014,28.5,1.625,1005.125,73
13-09-2014,29.375,4.1625,1004,68.25
14-09-2014,29.125,6.7125,1004.25,65.5
15-09-2014,29.625,6.7125,1004.25,63.125
16-09-2014,30.625,6.25,1002.25,65.125
17-09-2014,30.625,7.4,1002.125,61.875
18-09-2014,30.5,6.7125,1003.875,62.375
19-09-2014,31,4.175,1003.5,56.625
20-09-2014,31.125,4.4,1002.875,55.75
21-09-2014,30.5,5.5625,1003.625,54.875
22-09-2014,30.625,13.4375,1004.5,50
23-09-2014,31,30.68571429,1004.285714,47
24-09-2014,29.625,8.1,1006.25,53
25-09-2014,30,9.725,1007.75,52.5
26-09-2014,30,5.7875,1008.125,52.5
27-09-2014,30.5,8.8,1009.25,46.875
28-09-2014,30.25,7.175,1009.625,48.875
29-09-2014,30.5,7.4125,1009.125,48.75
30-09-2014,30.625,6.7125,1009.625,50.125
01-10-2014,30.42857143,3.171428571,1010.428571,52.85714286
02-10-2014,30.375,2.7875,1009.125,53.375
03-10-2014,30.5,1.85,1008,52.625
04-10-2014,31,0,1008.5,53.5
05-10-2014,30.625,0,1010.375,56.125
06-10-2014,30.625,0,1010.125,56.75
07-10-2014,31,1.1625,1008.375,59.375
08-10-2014,28.75,3.7125,1009.875,52.75
09-10-2014,27.625,3.2375,1010.125,49.875
10-10-2014,27.125,3.2375,1008.75,57.375
11-10-2014,25.71428571,6.9375,1008.25,57.14285714
12-10-2014,26,0.4625,1008.375,58.625
13-10-2014,27.625,8.8,1009.875,59.75
14-10-2014,24.5,5.325,1010.875,67.625
15-10-2014,24.5,3.2625,1013.375,68
16-10-2014,23,4.8625,1014,58.875
17-10-2014,25,25.0125,1013.625,47.66666667
18-10-2014,24,21.3,1012.875,56.14285714
19-10-2014,23.75,4.1625,1012.625,57.75
20-10-2014,24.75,4.4,1013.125,55.625
21-10-2014,25.625,2.0875,1014.625,56.125
22-10-2014,25.75,0.4625,1014.5,64.875
23-10-2014,25.25,0.925,1012.75,66
24-10-2014,25.5,1.85,1011.75,67.5
25-10-2014,25.25,0.925,1012.375,67.125
26-10-2014,25.125,2.0875,1014.875,65.5
27-10-2014,24.875,1.8625,1013.75,62.875
28-10-2014,25.125,2.5625,1012,64.75
29-10-2014,24.75,1.625,1012.125,65.75
30-10-2014,23.875,1.85,1014.5,61.375
31-10-2014,23.375,3.7125,1013.625,58.25
01-11-2014,22.5,5.325,1014.125,50.875
02-11-2014,22.875,7.1875,1014.5,49.125
03-11-2014,23.375,4.1625,1013.5,52.75
04-11-2014,23.625,3.9375,1012.125,56.625
05-11-2014,22.75,4.625,1012.375,56.25
06-11-2014,23,6.25,1011.625,56.25
07-11-2014,24,2.3125,1012.875,66.125
08-11-2014,23.875,1.625,1014.625,66.25
09-11-2014,24.125,4.1625,1015.125,56.375
10-11-2014,21.375,3.475,1014,52.125
11-11-2014,19.25,2.325,1014.75,55.125
12-11-2014,19.625,2.3125,1015.875,52
13-11-2014,18.5,3.2375,1016.5,50.5
14-11-2014,18.375,7.4125,1016.375,43
15-11-2014,18.625,2.775,1014.875,44.75
16-11-2014,18.25,2.55,1015.375,47.625
17-11-2014,17.75,2.775,1016.125,51.75
18-11-2014,17.625,2.0875,1017.875,53
19-11-2014,17.5,1.1625,1016.5,58.125
20-11-2014,20.375,3.025,1013.375,54.625
21-11-2014,18.25,3.2375,1012.75,62.125
22-11-2014,19.875,1.625,1011.375,58.875
23-11-2014,17.125,1.3875,1014.625,57.375
24-11-2014,16.875,4.175,1016,52.25
25-11-2014,16.5,2.55,1014.875,51.5
26-11-2014,19.625,5.55,1009.875,51
27-11-2014,18.125,0,1011.75,63.875
28-11-2014,19.375,0,1012.5,67.375
29-11-2014,20.25,0,1012.375,67.625
30-11-2014,19.75,2.55,1014,54.75
01-12-2014,20,8.8,1013.75,42.625
02-12-2014,21.375,7.875,1012.75,47.625
03-12-2014,25,11.37142857,1007,66.57142857
04-12-2014,21.25,4.8625,1010.375,68.875
05-12-2014,17.75,2.55,1017.125,59.875
06-12-2014,18.25,4.8625,1016.375,48.875
07-12-2014,17.25,4.8625,1014.75,48.375
08-12-2014,17,2.775,1015,49.875
09-12-2014,15.28571429,0,1016.857143,67.57142857
10-12-2014,21.5,4.8625,1010.5,65.5
11-12-2014,19.625,3.25,1011.625,70.5
12-12-2014,17.5,0.4625,1014.375,65.625
13-12-2014,16,8.8,1016.125,71.875
14-12-2014,16.875,3.95,1014.5,86.625
15-12-2014,16.625,2.325,1016.125,75.75
16-12-2014,17.75,7.425,1017.375,72.375
17-12-2014,12.875,6.4875,1020.25,72.125
18-12-2014,11.75,3.0125,1021.375,79.75
19-12-2014,11.75,0.4625,1022.125,81.75
20-12-2014,11.25,5.8,1018.75,77
21-12-2014,9.5,0.925,1018,79.125
22-12-2014,9.375,1.3875,1017.125,85
23-12-2014,9.625,1.625,1017.875,78.625
24-12-2014,9.875,3.475,1021.25,83
25-12-2014,9.25,8.1,1020.125,81.125
26-12-2014,10.75,7.6375,1017.75,77
27-12-2014,10.375,2.775,1018.625,69
28-12-2014,9,0.7,1019.75,86
29-12-2014,11.125,1.3875,1017.25,72.625
30-12-2014,11.625,2.55,1014.625,70.625
31-12-2014,12.375,2.7875,1016.875,67.125
01-01-2015,14.75,0.925,1017.5,72
02-01-2015,14.875,3.0125,1017.875,96.625
03-01-2015,15.125,0.925,1017.375,92
04-01-2015,14.125,9.5125,1019.625,78.75
05-01-2015,14,15.05,1016,69.375
06-01-2015,12,4.4,1015.5,79.875
07-01-2015,9.625,3.9375,1016.625,86
08-01-2015,10,3.4875,1019.125,87.875
09-01-2015,10.625,1.625,1020.125,80.625
10-01-2015,11.125,4.4125,1018.875,73.125
11-01-2015,11,4.8625,1019.125,80.75
12-01-2015,10.625,0.925,1019.5,79.5
13-01-2015,12.25,4.875,1017.125,77.875
14-01-2015,12,5.1,1017.5,82.25
15-01-2015,12.375,0.925,1019.375,79.125
16-01-2015,13,4.6375,1019.25,78.125
17-01-2015,13.5,1.8625,1019.25,76.625
18-01-2015,13,2.55,1018.75,73.875
19-01-2015,13.75,1.85,1018.875,78
20-01-2015,13.375,7.1875,1020,74.375
21-01-2015,13.25,3.7,1021,73.375
22-01-2015,12.625,3.2375,1020.625,94.125
23-01-2015,14.625,1.1625,1020,85
24-01-2015,12.375,9.7375,1020.75,86.25
25-01-2015,13.25,4.1625,1020.375,77.75
26-01-2015,13.75,0.925,1019.875,88.125
27-01-2015,13.25,5.3375,1019.333333,74.25
28-01-2015,11.71428571,27.775,1018.25,67
29-01-2015,11.5,3.9375,1019.75,67.5
30-01-2015,12.75,12.0375,1020.375,56.125
31-01-2015,13.75,9.025,1017.875,57.625
01-02-2015,15,5.1,1017.75,65.25
02-02-2015,17.375,11.8125,1017.5,63.875
03-02-2015,16.75,7.175,1020.5,71.25
04-02-2015,14.625,9.25,1022,81.125
05-02-2015,14.625,7.4,1019.25,62.875
06-02-2015,15.125,3.0125,1019,62.625
07-02-2015,15.875,1.85,1017,67.625
08-02-2015,16.625,4.4125,1017.375,63.875
09-02-2015,16.875,5.55,1019.75,63.5
10-02-2015,15.75,4.625,1019.75,64
11-02-2015,16,1.85,1017.125,66.625
12-02-2015,15.5,6.025,1016.125,69.625
13-02-2015,17.25,6.725,1012.625,59
14-02-2015,19.375,4.1625,1009.625,63.125
15-02-2015,18.875,1.3875,1012.625,70.125
16-02-2015,20.625,10.425,1013.625,71.25
17-02-2015,21.14285714,5.028571429,1011.857143,72.57142857
18-02-2015,21.25,5.1,1011.75,72.875
19-02-2015,22.75,7.65,1012,73.5
20-02-2015,22.75,7.1875,1013.875,67.125
21-02-2015,21.875,11.3375,1014.125,63.5
22-02-2015,22.14285714,14.8125,1013.375,58.85714286
23-02-2015,21.5,3.025,1014.25,74.375
24-02-2015,22.875,6.0375,1010.625,72.375
25-02-2015,23.125,6.5,1008.5,58.625
26-02-2015,20,6.7125,1009.875,34.375
27-02-2015,19.25,5.8,1013,43.125
28-02-2015,21.25,6.95,1013,45.5
01-03-2015,17.375,14.8125,1011.125,92.75
02-03-2015,17.5,6.725,1012.5,89.875
03-03-2015,16.25,5.5625,1013.75,82.5
04-03-2015,16.75,6.7125,1014,69.25
05-03-2015,18.75,3.7,1015.75,64
06-03-2015,20,5.0875,1016.375,62.375
07-03-2015,18.375,4.175,1013.714286,80.375
08-03-2015,19.5,7.8875,1015.375,74.125
09-03-2015,18.125,12.2625,1021,54.25
10-03-2015,17.75,8.5625,1019.125,68.5
11-03-2015,18.25,6.025,1018.125,69.875
12-03-2015,20.5,5.325,1017,63.375
13-03-2015,21.375,4.175,1014.75,65.25
14-03-2015,21.5,7.875,1015.125,64.625
15-03-2015,17.625,11.575,1015.5,89.125
16-03-2015,19.85714286,8.5625,1017.375,81.85714286
17-03-2015,20.875,13.2,1015.875,70.375
18-03-2015,20.25,12.2625,1013.5,69.625
19-03-2015,21.125,5.3375,1014.875,66
20-03-2015,22.5,9.025,1014.875,65.75
21-03-2015,24.875,5.7875,1014.875,60.5
22-03-2015,25.125,10.2,1012,64
23-03-2015,24.75,7.6375,1010,65.75
24-03-2015,25.75,1.3875,1010.25,65.5
25-03-2015,26.625,2.55,1011.857143,65.625
26-03-2015,28.5,9.2625,1013,54.375
27-03-2015,27.375,7.65,1012,51.375
28-03-2015,27,3.7125,1009.625,53.625
29-03-2015,25,13.1875,1008.625,52.75
30-03-2015,23.5,14.8125,1010.375,66.25
31-03-2015,25.25,3.7,1010.142857,64.875
01-04-2015,26.42857143,6.7125,1007.5,59.71428571
02-04-2015,28.71428571,10.175,1004.625,45.28571429
03-04-2015,24.5,6.9625,1004.75,71.125
04-04-2015,21,1.3875,1005.25,77.5
05-04-2015,23.57142857,17.6,1007.75,67.71428571
06-04-2015,25,2.775,1007.75,60.125
07-04-2015,23.75,9.7375,1010.25,62.125
08-04-2015,25.625,6.7125,1012,50.375
09-04-2015,26,9.0375,1010.5,52.875
10-04-2015,27.125,6.25,1008.5,52.25
11-04-2015,28.25,8.1,1008.375,44.875
12-04-2015,24.375,5.325,1012.375,63
13-04-2015,24.75,6.95,1013.75,70.875
14-04-2015,26.25,3.0125,1012.75,62.75
15-04-2015,27.625,5.7875,1012.875,59.25
16-04-2015,25.25,8.1125,1013.875,58.25
17-04-2015,28.125,8.3375,1007.125,48.75
18-04-2015,30.125,5.5625,1002.375,44.5
19-04-2015,32.125,4.175,1003.875,41
20-04-2015,32.875,7.1875,1005.75,37.875
21-04-2015,31.75,11.1125,1005.625,28.5
22-04-2015,30.75,11.35,1003.125,30.25
23-04-2015,30.75,8.1,1004,33
24-04-2015,31.125,2.55,1004.375,39.5
25-04-2015,30.5,12.975,1005.875,43.125
26-04-2015,28.75,15.7375,1008,51.125
27-04-2015,30.125,17.5875,1006.75,53
28-04-2015,31,12.5125,1004.5,48.25
29-04-2015,31.25,9.025,1005,47.25
30-04-2015,32.625,15.05,1004,44.75
01-05-2015,31.25,5.3375,1005.875,43.5
02-05-2015,30.125,4.4,1006.25,40.25
03-05-2015,31,3.0125,1006.625,39.25
04-05-2015,30.875,3.9375,1006.625,39.25
05-05-2015,32.125,7.65,1003.875,31.125
06-05-2015,34.125,11.3625,1001.875,22
07-05-2015,35.42857143,15.34285714,1003.571429,13.42857143
08-05-2015,34.125,12.275,1003.25,22.375
09-05-2015,35.125,8.3375,1001.625,27
10-05-2015,35.125,6.9625,1001.375,25
11-05-2015,34,10.8875,1003.625,32.625
12-05-2015,33.125,6.0375,1004.875,46
13-05-2015,27.75,6.7125,1006.125,61
14-05-2015,29.625,4.4125,1007.25,49.625
15-05-2015,28.5,7.175,1006.5,52.125
16-05-2015,30,4.1625,1003.25,51.625
17-05-2015,33.25,8.35,1001.125,40.375
18-05-2015,35.375,5.5625,1000,35.75
19-05-2015,31.5,14.8125,1002.125,44
20-05-2015,33.125,14.6,1002,31.625
21-05-2015,35.625,11.3375,1000.375,24.625
22-05-2015,36.25,12.5125,998.125,19.5
23-05-2015,37.375,12.725,996.125,21.75
24-05-2015,36,5.1,997.375,29.25
25-05-2015,37.75,10.875,996.875,22.25
26-05-2015,35.25,17.125,1001.5,26.625
27-05-2015,33.75,6.7125,1001.25,20.5
28-05-2015,34.75,8.3375,1000.625,29.5
29-05-2015,35.125,8.125,1001.625,27.25
30-05-2015,32.25,12.2625,1003.875,38.75
31-05-2015,34.25,14.5875,1001.75,25
01-06-2015,29.375,12.5125,1003.25,41.75
02-06-2015,31.625,8.575,1003.5,39.25
03-06-2015,28.625,6.725,1004.625,50.5
04-06-2015,31.875,4.8625,1004,48.375
05-06-2015,32.625,6.0125,1003.5,39.875
06-06-2015,33.375,7.8625,1001.375,39.75
07-06-2015,35,7.175,999.25,36.25
08-06-2015,36.5,6.25,998.875,33
09-06-2015,37.625,18.75,998.875,23.875
10-06-2015,36.625,18.05,999.625,32.28571429
11-06-2015,35.625,18.2875,1000,34.75
12-06-2015,35.875,12.7375,998.5,34.625
13-06-2015,31.125,10.1875,998.8571429,48.125
14-06-2015,27,3.95,1000.285714,77.625
15-06-2015,31,3.0125,999.5714286,60.75
16-06-2015,32.375,2.7875,999.1428571,52.125
17-06-2015,33.875,3.25,998,49.75
18-06-2015,35.125,3.0125,997.625,45.125
19-06-2015,35.875,8.575,996.25,46.75
20-06-2015,33.125,12.975,997.875,48.5
21-06-2015,30.375,8.1125,998.125,63.625
22-06-2015,32.125,4.4,995.625,59.5
23-06-2015,31.5,6.0125,995,61.625
24-06-2015,37.25,6.5,995.375,63.875
25-06-2015,26.625,6.2625,994.75,82.75
26-06-2015,31.125,11.5625,995.25,54.25
27-06-2015,32.625,14.1125,997.125,48.25
28-06-2015,34.25,9.0375,1000.285714,47.5
29-06-2015,31.125,11.5625,1003.625,56.625
30-06-2015,30.875,9.9625,1002.625,58.625
01-07-2015,32,4.175,1001.875,53.25
02-07-2015,33.75,6.95,1001.125,45.875
03-07-2015,33,14.35,999.625,49
04-07-2015,34.125,16.9,997.5,51.5
05-07-2015,35.71428571,14.01428571,995.4285714,47.28571429
06-07-2015,27.875,9.275,997.875,83.25
07-07-2015,28.125,1.85,998.125,86.125
08-07-2015,31.25,2.775,998.625,72
09-07-2015,29.625,2.55,998.625,77.25
10-07-2015,26.625,6.025,998.75,92.125
11-07-2015,25.5,3.2375,999.3333333,98
12-07-2015,25.5,7.425,998.625,94.75
13-07-2015,29.875,4.8625,1000.625,73.125
14-07-2015,30.875,10.875,997.8571429,67.875
15-07-2015,33.375,17.1375,993.75,52.875
16-07-2015,31.75,13.4375,994.75,61.375
17-07-2015,30.75,4.4,997.25,75.625
18-07-2015,29.5,4.175,998,78.875
19-07-2015,30.125,0.7,997.625,70
20-07-2015,29.125,4.8625,999.125,78
21-07-2015,31.375,8.125,1000,69.25
22-07-2015,32.25,7.875,1001.125,64.125
23-07-2015,32.125,8.575,1001.75,64.875
24-07-2015,32,6.7125,1001,64.75
25-07-2015,30.85714286,19.9125,998.5714286,71
26-07-2015,30,16.8875,998.875,71.625
27-07-2015,29.625,11.3375,1000.285714,69
28-07-2015,29.5,11.5875,1000.125,61
29-07-2015,28.5,10.875,998,68.125
30-07-2015,29,9.9625,998.875,67.75
31-07-2015,29,4.175,999.75,71
01-08-2015,28.25,0.925,1002.75,71.75
02-08-2015,29.625,2.55,1003.625,69.5
03-08-2015,31.5,5.325,1001.875,58.625
04-08-2015,29.42857143,4.771428571,1000.071429,77.78571429
05-08-2015,29.59375,8.221875,1000.28125,79.65625
06-08-2015,29.5,3.025,998,79.125
07-08-2015,29.25,2.3125,1000,83
08-08-2015,28.875,1.625,1002,84.875
09-08-2015,27.375,3.0125,1000.25,90.125
10-08-2015,30.375,0,1000,77
11-08-2015,28.375,0.4625,1003,86.625
12-08-2015,30.75,0,1003.125,74.25
13-08-2015,32,0.4625,1001.875,69.5
14-08-2015,30.875,3.475,1002,72.625
15-08-2015,28.5,0,1002.75,85.5
16-08-2015,28.625,1.85,1002.875,82.625
17-08-2015,30.75,0.7,1001.375,72.625
18-08-2015,29.125,4.875,1002.571429,72.875
19-08-2015,31.25,33.325,1002.375,61.25
20-08-2015,30.75,14.6,1001.375,58.625
21-08-2015,29.375,8.575,1002,72
22-08-2015,30.25,5.8,1000.875,65.375
23-08-2015,29.875,5.5625,1000.857143,69.375
24-08-2015,30.75,7.1875,1001.75,65.625
25-08-2015,32,10.07142857,1001,57.28571429
26-08-2015,32,4.8625,1001.125,61
27-08-2015,32.5,5.325,1002,61
28-08-2015,32,2.3125,1002.25,63.5
29-08-2015,32.25,5.8125,1001.375,58
30-08-2015,32.625,9.275,1001.375,56.5
31-08-2015,31.85714286,13.48571429,1001.833333,54.42857143
01-09-2015,32.125,15.275,1000.857143,47.625
02-09-2015,31.875,12.7375,1001.75,45.625
03-09-2015,31.625,10.1875,1005.5,49.125
04-09-2015,32,11.35,1007.875,42.625
05-09-2015,30.875,7.6375,1007.125,47.25
06-09-2015,31.25,7.6375,1006.25,41.8
07-09-2015,31.5,9.4875,1005.75,46.375
08-09-2015,31.625,11.8125,1005.5,47
09-09-2015,31,10.1875,1005.625,47.875
10-09-2015,31.25,8.575,1006.75,46.5
11-09-2015,30.75,6.0125,1006.25,49.75
12-09-2015,32.14285714,3.171428571,1006,54.42857143
13-09-2015,32.125,1.3875,1005.875,55.25
14-09-2015,31.875,2.55,1003.625,54.375
15-09-2015,33,0.4625,1003.25,55
16-09-2015,32.375,1.4,1003.625,55
17-09-2015,31.375,1.1625,1004.375,58.375
18-09-2015,31,7.4125,1005.125,67.625
19-09-2015,30.625,2.0875,1003.625,74.25
20-09-2015,29.14285714,5.557142857,1002.857143,69.14285714
21-09-2015,30.125,5.8,1002.5,64.5
22-09-2015,30.25,10.1875,1002.5,64.375
23-09-2015,28.625,13.675,1006.375,61.25
24-09-2015,28.25,11.575,1004.625,52.375
25-09-2015,28.5,8.575,1003.75,49.375
26-09-2015,29.25,6.25,1005.25,53.5
27-09-2015,28.71428571,2.914285714,1007,58.14285714
28-09-2015,28.25,3.9375,1009,58.5
29-09-2015,29,9.528571429,1010.571429,54.57142857
30-09-2015,29,8.3375,1011.375,46.875
01-10-2015,28.125,5.575,1012,51.25
02-10-2015,28.28571429,14.5875,1010.75,53.71428571
03-10-2015,30,18.78571429,1008.714286,52.33333333
04-10-2015,29,3.025,1008.125,54.375
05-10-2015,28.875,1.3875,1009.25,59.375
06-10-2015,28.375,4.6375,1009,61.125
07-10-2015,28.625,6.475,1009.125,65.75
08-10-2015,28.375,4.4125,1007.5,65.125
09-10-2015,28.5,6.025,1004.25,59.75
10-10-2015,28.5,6.7125,1005,54.625
11-10-2015,28.57142857,6.885714286,1008.714286,51.57142857
12-10-2015,29.25,3.25,1010,54.125
13-10-2015,29.5,3.725,1011,62.875
14-10-2015,28.125,4.875,1013.25,63.625
15-10-2015,27.5,0.4625,1013.5,66
16-10-2015,27.875,0.925,1013.5,62.625
17-10-2015,28,3.7125,1012.25,63.75
18-10-2015,26.85714286,11.1125,1013.125,71.71428571
19-10-2015,28.14285714,3.457142857,1011.714286,66.28571429
20-10-2015,27.71428571,2.914285714,1009.857143,64.85714286
21-10-2015,26.5,2.0875,1011.875,62.125
22-10-2015,24.75,4.4,1012.25,56
23-10-2015,24,4.8625,1011.875,51.625
24-10-2015,24.875,1.4,1011.625,53.25
25-10-2015,26.375,5.575,1012.75,47.125
26-10-2015,25.625,5.575,1014.875,52.125
27-10-2015,24.75,3.475,1013.875,54.25
28-10-2015,20.875,7.875,1015.875,57.25
29-10-2015,22.125,1.85,1016.875,63.5
30-10-2015,22.375,1.625,1016.375,67.25
31-10-2015,22.375,1.1625,1016.125,69.375
01-11-2015,22.875,0.925,1016.25,70.5
02-11-2015,23.375,0.4625,1015.875,71.375
03-11-2015,24,0.475,1014.25,67.875
04-11-2015,23.75,0.925,1012.25,69
05-11-2015,22.125,5.1,1012.375,75.25
06-11-2015,22.875,2.325,1012.75,74.375
07-11-2015,21.875,1.1625,1014.625,74.875
08-11-2015,21.875,1.8625,1015.875,70.25
09-11-2015,21.75,0.7,1015,73.625
10-11-2015,22.75,0.7,1013.5,72.625
11-11-2015,21.875,4.6375,1014.375,59.5
12-11-2015,21.875,5.7875,1015.375,60.5
13-11-2015,22.375,5.325,1014.875,59.375
14-11-2015,22.375,3.475,1012,59.625
15-11-2015,22.5,0,1012,62
16-11-2015,21.875,2.7875,1012.625,50.375
17-11-2015,19.875,5.1,1013.5,48.375
18-11-2015,18.5,4.4,1016.375,57.625
19-11-2015,18.5,0.925,1017.5,64.75
20-11-2015,18.5,0.4625,1016.125,66
21-11-2015,18.75,1.3875,1015.5,67.625
22-11-2015,18.625,0.4625,1015.125,64.875
23-11-2015,17,0,1015.875,73.5
24-11-2015,18.5,1.625,1016,63
25-11-2015,19.375,5.7875,1014.75,56.375
26-11-2015,20,0.925,1012.75,59.5
27-11-2015,18.5,2.55,1011.25,66.25
28-11-2015,18.75,1.1625,1015.375,82.125
29-11-2015,18.125,1.1625,1018,81.25
30-11-2015,19.5,0.925,1016.75,82.375
01-12-2015,19.25,1.625,1014.75,78.75
02-12-2015,18.125,2.0875,1016.125,72.125
03-12-2015,17.625,7.1875,1016,70.25
04-12-2015,17.625,4.6375,1015,67.5
05-12-2015,17.5,0.925,1015.875,72.375
06-12-2015,17.125,1.4,1016.5,75.875
07-12-2015,17.625,2.3125,1017.25,76.875
08-12-2015,18.42857143,1.057142857,1015.714286,71.28571429
09-12-2015,18.375,3.475,1015.25,78.125
10-12-2015,19,2.0875,1011.75,77.25
11-12-2015,17.25,5.1,1011.375,77.875
12-12-2015,13.25,4.4,1014.25,91
13-12-2015,12.875,3.475,1016.5,67
14-12-2015,13.25,7.4,1017,63.625
15-12-2015,13.125,5.325,1016.5,63.875
16-12-2015,13,1.1625,1016.375,65.5
17-12-2015,12.25,0.925,1016.875,73.625
18-12-2015,12.875,4.4,1018.625,71.25
19-12-2015,12.375,3.4875,1019,71.875
20-12-2015,11.75,1.1625,1018.5,70.25
21-12-2015,12.625,1.3875,1018.875,74.75
22-12-2015,12,0.7,1020.875,79.875
23-12-2015,12.5,3.4875,1020.625,81.375
24-12-2015,11.25,6.025,1021.25,68.625
25-12-2015,11.5,5.5625,1022,66.125
26-12-2015,12.75,6.4875,1021.125,64.5
27-12-2015,15.375,7.8875,1020.625,63.25
28-12-2015,17.125,10.8875,1020.875,58.125
29-12-2015,16.375,7.4125,1018.125,65
30-12-2015,15.5,2.1,1017.5,71.75
31-12-2015,15,2.0875,1020.5,71.375
01-01-2016,14.71428571,1.057142857,1021.142857,72.28571429
02-01-2016,14,2.0875,1021,75.875
03-01-2016,14.375,5.1125,1018.5,74.75
04-01-2016,15.75,0,1017.625,77.125
05-01-2016,15.83333333,0.616666667,1017,88.83333333
06-01-2016,17.375,2.3125,1016.5,81.625
07-01-2016,17.125,0,1018.125,87
08-01-2016,15.5,7.8875,1017.25,83.25
09-01-2016,15.85714286,8.471428571,1015.428571,65.14285714
10-01-2016,15.625,2.775,1017.5,74.375
11-01-2016,15.75,1.625,1017.5,74.875
12-01-2016,18,6.03125,1014.9375,69.6875
13-01-2016,18.26666667,5.08,1014.333333,75.8
14-01-2016,15.5625,4.3,1016.125,80.4375
15-01-2016,13,10.775,1017,84.1875
16-01-2016,13.6,11.24,1014.6,80.06666667
17-01-2016,14,2.106666667,1016.2,77.66666667
18-01-2016,13.26666667,1.48,1014.733333,80.46666667
19-01-2016,12.35714286,4.65,1015.285714,88.57142857
20-01-2016,12.06666667,6.193333333,1018.666667,84.2
21-01-2016,12.1875,7.8875,1020.1875,73.1875
22-01-2016,11.73333333,3.586666667,1019.466667,83.4
23-01-2016,14.4375,3.25,1019.8125,75.875
24-01-2016,11.1875,6.625,1019.0625,86.25
25-01-2016,11.66666667,4.58,1017.2,75.4
26-01-2016,14.5625,2.55,1015.375,79.6875
27-01-2016,17.58333333,4.025,1014.166667,69.16666667
28-01-2016,16.85714286,5.028571429,1015.071429,69.35714286
29-01-2016,19.5625,2.54375,1017.375,70.625
30-01-2016,20.14285714,1.2,1014.5,78.5
31-01-2016,17.375,7.7625,1016,78.25
01-02-2016,15.84615385,7.269230769,1017.153846,65.76923077
02-02-2016,15.26666667,8.893333333,1018.2,55.86666667
03-02-2016,13.125,7.622222222,1018,66.5
04-02-2016,16.36363636,6.941666667,1017.333333,53
05-02-2016,12.66666667,2.166666667,1016.833333,70.66666667
06-02-2016,15.33333333,3.7,1013.333333,69.5
07-02-2016,15.625,2.7875,1015.75,77
08-02-2016,17.09090909,5.9,1017.090909,67.18181818
09-02-2016,17.76923077,5.846153846,1014.692308,67.46153846
10-02-2016,18.13333333,2.1,1012.733333,64.86666667
11-02-2016,19.6875,6.03125,1011.25,54.75
12-02-2016,19.2,0.746666667,1012.533333,57.86666667
13-02-2016,17.06666667,5.806666667,1014.866667,62.13333333
14-02-2016,17.64285714,8.071428571,1017.214286,61.92857143
15-02-2016,17.6,5.94,1018.733333,59.53333333
16-02-2016,18.21428571,5.435714286,1020.071429,56.14285714
17-02-2016,18.71428571,3.707142857,1019.142857,59.28571429
18-02-2016,19.46666667,5.186666667,1017.4,76
19-02-2016,23.15384615,4.146153846,1014.615385,70.23076923
20-02-2016,23.625,11.11875,1014.125,73.125
21-02-2016,21,17.1375,1014.75,61.125
22-02-2016,21,15.20714286,1014.428571,51.42857143
23-02-2016,21.42857143,9.785714286,1012.5,50.64285714
24-02-2016,21.6875,2.44375,1012.9375,58.0625
25-02-2016,22.5625,5.3375,1015.5,57.5
26-02-2016,22.8,2.48,1018.4,55.6
27-02-2016,22.8,3.333333333,1018.466667,59
28-02-2016,23,3.7125,1018.9375,63.0625
29-02-2016,23.875,3.7125,1018.625,63.9375
01-03-2016,24.91666667,1.7,1015,57.41666667
02-03-2016,24.93333333,1.733333333,1015.4,57.06666667
03-03-2016,26,4.292307692,1014.615385,55.61538462
04-03-2016,27.3125,6.14375,1012.6875,44.25
05-03-2016,23.93333333,11,1012.666667,57.13333333
06-03-2016,22.8125,5.21875,1013.0625,66.5625
07-03-2016,23.71428571,5.171428571,1012.357143,64.14285714
08-03-2016,23.42857143,6.742857143,1011.642857,60.21428571
09-03-2016,24,9.375,1012.0625,57.5625
10-03-2016,25.5625,7.98125,1013.1875,57.4375
11-03-2016,25.06666667,6.546666667,1012.533333,67.8
12-03-2016,24.5625,9.4875,1009.5625,66.9375
13-03-2016,24.25,6.84375,1011.1875,65.1875
14-03-2016,22.375,6.275,1014.3125,66
15-03-2016,24.06666667,8.646666667,1014.866667,58.93333333
16-03-2016,23.9375,10.88125,1012.8125,53.75
17-03-2016,26.3125,6.84375,1010.4375,50.3125
18-03-2016,26.1875,6.7125,1009.8125,61.25
19-03-2016,26.78571429,3.578571429,1009.214286,61.85714286
20-03-2016,27.13333333,2.846666667,1010.333333,58.73333333
21-03-2016,26.625,12.2625,1011.125,43.375
22-03-2016,25.0625,22.1,1009.375,37.875
23-03-2016,26.2,10.64166667,1010,43.26666667
24-03-2016,28.13333333,3.213333333,1013.333333,46.86666667
25-03-2016,29.875,3.36875,1013.1875,50.1875
26-03-2016,24.66666667,9.393333333,1013.6,62.66666667
27-03-2016,26.25,9.15625,1012.8125,53.6875
28-03-2016,25.93333333,6.546666667,7679.333333,52.8
29-03-2016,27.125,7.29375,1011.3125,47.75
30-03-2016,29.57142857,7.021428571,1011.142857,39.78571429
31-03-2016,30,4.333333333,1009.2,39.73333333
01-04-2016,30.57142857,12.03571429,1006.714286,38.21428571
02-04-2016,32.3125,5.4625,1008,38.5625
03-04-2016,33.3125,2.55,1008.375,44.25
04-04-2016,32.8125,8,1006.6875,33.125
05-04-2016,32.3125,9.26875,1007,29.3125
06-04-2016,31.375,3.475,1006.875,33.125
07-04-2016,29.93333333,10.85,1007.266667,37
08-04-2016,29.26666667,4.686666667,1009.2,36
09-04-2016,30.73333333,12.61875,1009.3125,32.46666667
10-04-2016,32.25,5.225,1008.8125,29
11-04-2016,29.8,16.04,1009.4,35
12-04-2016,30.2,19.38,1006.333333,36.2
13-04-2016,31.75,18.64375,1003.3125,28.0625
14-04-2016,33.125,10.425,1003.8125,23.875
15-04-2016,33.625,9.8375,1004.625,25.375
16-04-2016,35.6875,11.1125,1003.0625,23.6875
17-04-2016,34.66666667,9.386666667,1002.666667,23.86666667
18-04-2016,34.625,7.175,1004.6875,30.125
19-04-2016,34,4.566666667,1005.866667,33.6
20-04-2016,34.0625,14.01875,1006.4375,25.9375
21-04-2016,34,15.75,1003.4,24.66666667
22-04-2016,33.25,8.35,1001.727273,24.25
23-04-2016,31.91666667,19.65384615,1001.846154,21.81818182
24-04-2016,31.3125,10.1875,1003.0625,22.125
25-04-2016,31.75,6.95,1005.5625,22.8125
26-04-2016,33.4375,3.83125,1007.1875,25.1875
27-04-2016,33.125,4.98125,1005.6875,29.0625
28-04-2016,34.15384615,11.82307692,1004.692308,21.76923077
29-04-2016,34.07142857,9.123076923,1005.714286,23.28571429
30-04-2016,33.0625,5.2125,1004.8125,25.5625
01-05-2016,34.6875,8.575,1002.4375,23.375
02-05-2016,38,9.513333333,1002.2,18.46666667
03-05-2016,35.5,6.49375,1004.3125,30.375
04-05-2016,33.71428571,10.46428571,1003.785714,31.85714286
05-05-2016,30.6,11.24666667,1007.466667,42
06-05-2016,31.4375,8.225,1007,37.4375
07-05-2016,33.3125,4.65,1005.5625,37.1875
08-05-2016,35.13333333,7.293333333,1005.933333,36.33333333
09-05-2016,33.53333333,18.425,1006.0625,40.6
10-05-2016,34,10.55625,1006.5625,39.75
11-05-2016,32.5,7.775,1006.0625,49.9375
12-05-2016,35.375,5.1,1002.25,40
13-05-2016,37.29411765,8.070588235,1001.352941,28.11764706
14-05-2016,36.5625,4.16875,1003.125,31.875
15-05-2016,37.25,4.75,1003.5625,29.5
16-05-2016,37.21428571,9.02,1000.8,23.5
17-05-2016,37.5,9.6125,998.9375,25.8125
18-05-2016,37.75,8.45,997.8125,27.625
19-05-2016,37.375,9.3875,998.625,40.5
20-05-2016,37.4,8.413333333,996.9333333,44.2
21-05-2016,36.13333333,10.87333333,995.9333333,45.4
22-05-2016,36.8,6.553333333,996.4666667,44.8
23-05-2016,32.21428571,14.95,999.5714286,47.92857143
24-05-2016,31.52631579,8.494736842,1000.736842,53.52631579
25-05-2016,33.2173913,10.16086957,997.4782609,46.60869565
26-05-2016,35.26923077,15.17692308,999.1538462,44.57692308
27-05-2016,38.27272727,15.31818182,999.9545455,26.09090909
28-05-2016,36.0625,14.40555556,999.8333333,37.25
29-05-2016,31.5,11.68125,1001.25,57.0625
30-05-2016,26.8125,9.4875,1003.8125,74.8125
31-05-2016,32.64285714,7.407142857,1002.307692,51.21428571
01-06-2016,36,9.133333333,1002.733333,42.2
02-06-2016,37.5625,11.93125,1002,35.3125
03-06-2016,37.5625,2.78125,1002.25,40.6875
04-06-2016,38.2,3.206666667,1001.866667,42.06666667
05-06-2016,36.16666667,8.5,1002.833333,51.75
06-06-2016,35.42857143,11,1001.571429,45.71428571
07-06-2016,34.625,21.30625,1002.0625,59.1875
08-06-2016,36.07142857,8.485714286,999.2142857,44.64285714
09-06-2016,35.73333333,9.26,938.0666667,43.73333333
10-06-2016,36.13333333,10.08125,998.25,41.86666667
11-06-2016,33.4375,8.8125,999,49.9375
12-06-2016,35.5,9.1625,998.8125,37.125
13-06-2016,36,12.85,998.1875,43.3125
14-06-2016,32.625,11.86,997.8125,55.125
15-06-2016,34.73333333,10.51333333,996.1333333,48.86666667
16-06-2016,33.5,11.39285714,999,51.28571429
17-06-2016,34.1875,7.425,999.4285714,52.25
18-06-2016,35.85714286,10.85714286,1000.857143,50.57142857
19-06-2016,35.625,9.3875,1001.375,53.25
20-06-2016,30.9375,7.64375,1000.6875,73.9375
21-06-2016,32.875,8.91875,999.9375,62.1875
22-06-2016,33.125,7.41875,1001.5625,60.8125
23-06-2016,33.84615385,5.875,999.6923077,51.61538462
24-06-2016,36.4375,7.7625,998.3125,46.5625
25-06-2016,35.42857143,9.664285714,1000.071429,55.92857143
26-06-2016,34.86666667,7.66,1000.375,57.46666667
27-06-2016,34.3125,7.99375,998.8666667,61.25
28-06-2016,30.78571429,5.435714286,1001.5,75.07142857
29-06-2016,35.375,8.45,1001.1875,58.875
30-06-2016,35.46666667,6.793333333,997.8666667,60.2
01-07-2016,32.125,8.35,1002.5625,73.4
02-07-2016,28.4,5.23125,998.375,80
03-07-2016,29.5625,1.96875,998.25,78.125
04-07-2016,30.6875,3.48125,997.125,76.3125
05-07-2016,33.25,5.3375,995.5625,68.6875
06-07-2016,33.26666667,8.878571429,996.8666667,64.06666667
07-07-2016,33.5,5.91875,997.6875,63
08-07-2016,30.8,5.433333333,997.4,75.86666667
09-07-2016,33.25,6.73125,996.75,66.0625
10-07-2016,32.5625,4.7,996.0625,65.6875
11-07-2016,31.5,8.046666667,997.75,71.9375
12-07-2016,30.5,5.5625,999.0625,80.1875
13-07-2016,31.25,6.806666667,998.4375,76.3125
14-07-2016,30.4375,5.21875,998.375,80.4375
15-07-2016,31,7.271428571,998.625,78.0625
16-07-2016,27.125,4.371428571,999.875,93.875
17-07-2016,28.125,6.6,1001.333333,86.5625
18-07-2016,27.66666667,7.653333333,1000.8,91.26666667
19-07-2016,32.3125,13.65625,999.875,69.125
20-07-2016,34.1875,12.9625,999.625,59.5625
21-07-2016,34.13333333,11.48,999.2666667,56.86666667
22-07-2016,34.125,8.6875,999.3333333,56.125
23-07-2016,31.875,7.76875,1001.625,66
24-07-2016,31.4375,2.43125,946.3125,72.25
25-07-2016,31.9375,2.9125,1001.875,69.125
26-07-2016,30.3125,6.485714286,1003.125,82
27-07-2016,28.3125,4.29375,1004.625,88.25
28-07-2016,29.53333333,5.186666667,1002.066667,81.33333333
29-07-2016,27.375,2.43125,1000.9375,92.4375
30-07-2016,27.33333333,1.86,1001.2,92.26666667
31-07-2016,29.26666667,4.7,1000.666667,83.13333333
01-08-2016,29.125,5.9125,999.125,84.25
02-08-2016,30.6875,6.375,310.4375,72.125
03-08-2016,32.5625,5.45,998.5,63.5625
04-08-2016,33.11111111,7.927777778,998.7777778,63.88888889
05-08-2016,33.8,4.32,999.3333333,61.66666667
06-08-2016,30.06666667,6.926666667,1000.8,76
07-08-2016,33.11764706,7.852941176,1000.529412,65.17647059
08-08-2016,33.80952381,9.440909091,999.6363636,62.38095238
09-08-2016,31.61538462,9.55,998.5,71.65384615
10-08-2016,32,10.15925926,999.3703704,71.25925926
11-08-2016,28.10714286,7.821428571,1001.607143,89.46428571
12-08-2016,29.03571429,3.848148148,1002.285714,85
13-08-2016,30.32142857,3.22962963,1001.071429,77.07142857
14-08-2016,28.93333333,6.37,633.9,83.7
15-08-2016,31.67857143,12.725,999.2857143,67.64285714
16-08-2016,31.33333333,14.66666667,-3.041666667,66.41666667
17-08-2016,29.92857143,6.325,999.5185185,72.5
18-08-2016,29.88888889,1.722222222,999.9230769,79.81481481
19-08-2016,32.07142857,1.917857143,999.8928571,68.28571429
20-08-2016,33.18518519,10.36666667,1000.16,66.48148148
21-08-2016,31.59259259,10.02222222,1001.192308,68.07407407
22-08-2016,32.18518519,8.237037037,1002.888889,65.55555556
23-08-2016,31.48,6.084,1003.24,70.08
24-08-2016,30.17857143,8.419230769,1002.5,79.28571429
25-08-2016,31.52,6.276923077,1004.423077,72.44
26-08-2016,31.22222222,4.392592593,1005.222222,73.81481481
27-08-2016,31.78571429,7.15,1006.142857,70.28571429
28-08-2016,33.4,7.272,1006.2,66.24
29-08-2016,29.57142857,5.825,1003.607143,82.32142857
30-08-2016,30.04,8.903846154,1002.192308,76.8
31-08-2016,27.25925926,6.72962963,1003.037037,89.55555556
01-09-2016,27.96,4.148,1002.44,87.24
02-09-2016,30.73913043,13.20434783,1001.272727,71.73913043
03-09-2016,30.89473684,13.26315789,1001.157895,62.68421053
04-09-2016,31.69230769,11.12307692,1002.923077,59.30769231
05-09-2016,31.07692308,13.96153846,1003.230769,60.30769231
06-09-2016,30.375,13.4375,1003.75,55
07-09-2016,31.1,9.1,1003.454545,57.7
08-09-2016,31.91666667,10.80833333,1005.166667,58
09-09-2016,30.55555556,11.52222222,1004.333333,56.66666667
10-09-2016,31.23076923,11.96923077,1005.230769,58.23076923
11-09-2016,31,8.15,1003.8,56.4
12-09-2016,31.64285714,10.85,1005.071429,55.5
13-09-2016,32.53333333,8.526666667,1006.4,57.06666667
14-09-2016,30.85714286,4.235714286,1006.928571,70.35714286
15-09-2016,31.72727273,11.9,1004.75,59.63636364
16-09-2016,31.4,3.52,1004.4,58
17-09-2016,32.30769231,2.707692308,1003.153846,58
18-09-2016,32.25,17.90833333,1005,58.83333333
19-09-2016,32.375,2.0875,1004.708333,59.45833333
20-09-2016,33.44444444,2.569230769,1003.518519,54.07407407
21-09-2016,33.36,6.092,1005.4,58.96
22-09-2016,30.03703704,8.107407407,1008.777778,67.62962963
23-09-2016,31,3.571428571,1005.321429,66.10714286
24-09-2016,31.24,5.496153846,1352.615385,66.48
25-09-2016,31.13043478,3.147826087,1004.782609,62.30434783
26-09-2016,31.48,2.986956522,1006.76,60.88
27-09-2016,32.18518519,1.780769231,1006.703704,57.81481481
28-09-2016,32.44,2.52,1005.28,55.28
29-09-2016,32.22727273,3.963636364,1005.590909,61.31818182
30-09-2016,32.21428571,2.582142857,1005.571429,59.35714286
01-10-2016,32.54166667,3.170833333,1007.5,61.91666667
02-10-2016,32.81481481,4.122222222,1009.111111,61.81481481
03-10-2016,33.26923077,3.992592593,1007.185185,59.57692308
04-10-2016,30.55555556,5.77037037,1005.37037,69.81481481
05-10-2016,28.83333333,3.325,1005.25,71.875
06-10-2016,30.7037037,3.233333333,1007.148148,64.81481481
07-10-2016,30.96,15.825,1007.2,59.96
08-10-2016,30.6,8.761538462,1006.846154,57.96
09-10-2016,30.92,3.184,1005.96,59.2
10-10-2016,29.77777778,4.807407407,1006.148148,51.11111111
11-10-2016,29.66666667,8.922222222,1006.592593,51.14814815
12-10-2016,29.57142857,11.37142857,1006.25,47.28571429
13-10-2016,29.96296296,13.02222222,1008.333333,44
14-10-2016,29.75,8.934782609,1009.125,47.875
15-10-2016,27.74074074,6.662962963,1010.518519,54.14814815
16-10-2016,28.42857143,7.014285714,1011.857143,49.85714286
17-10-2016,28.6,7.116,1010.56,49.24
18-10-2016,28.5,7.668181818,1009.458333,48.45833333
19-10-2016,28.92592593,6.459259259,1008.555556,49.18518519
20-10-2016,29.07692308,9.124,1007.538462,47.73076923
21-10-2016,28.40909091,10.69545455,1008.727273,50.40909091
22-10-2016,29.33333333,13.32307692,1009.37037,49.48148148
23-10-2016,27.5,11.54615385,1009.307692,54.96153846
24-10-2016,28.5,11.18846154,1008.269231,51.42307692
25-10-2016,28.04,12.38846154,1008.923077,54.56
26-10-2016,27.57692308,5.7,1011.730769,56.19230769
27-10-2016,26.55555556,6.044444444,1014.62963,59.37037037
28-10-2016,25.51851852,7.277777778,1012.407407,58.77777778
29-10-2016,25.81481481,1.714814815,1013,62.77777778
30-10-2016,24.82608696,2.013043478,1014.608696,71.04347826
31-10-2016,24.53846154,1.642307692,1017.807692,66.80769231
01-11-2016,24.38461538,2.715384615,1016.384615,58.73076923
02-11-2016,23.72727273,1.431818182,1016.590909,65.90909091
03-11-2016,25.64,2.232,1016.24,59.76
04-11-2016,24.81481481,4.122222222,1012.62963,58.2962963
05-11-2016,23.11538462,5.784615385,1010.346154,66.57692308
06-11-2016,22.92592593,2.411111111,1011.518519,63.85185185
07-11-2016,24.54545455,8.172727273,1012.772727,51.31818182
08-11-2016,23.73076923,12.75,1013.64,52.26923077
09-11-2016,23,7.074074074,1014.666667,49.7037037
10-11-2016,23.51851852,3.225925926,1013.814815,50.14814815
11-11-2016,23.92,2.968,1014.08,54.04
12-11-2016,23.53846154,2.784615385,1015.153846,58.03846154
13-11-2016,24.2962963,4.4,1016.518519,55.81481481
14-11-2016,23.34615385,1.496153846,1015.730769,60.73076923
15-11-2016,22.24,4.088,1016.24,55.72
16-11-2016,21.76923077,7.138461538,1017.538462,53.23076923
17-11-2016,21.73076923,11.55,1350.296296,51.73076923
18-11-2016,21.73076923,7.78,1014.692308,53.61538462
19-11-2016,20.66666667,2.84,1012.466667,60.66666667
20-11-2016,22.25,2.505,1013.35,59.9
21-11-2016,21.53846154,2.715384615,1013,60.46153846
22-11-2016,22.57894737,8,1012.894737,50.15789474
23-11-2016,22.82608696,6.604347826,1013.173913,51.43478261
24-11-2016,21.42105263,8.289473684,1014.947368,51.47368421
25-11-2016,23.6,15.085,1012.95,30.55
26-11-2016,24.29411765,14.49411765,1013.25,32.64705882
27-11-2016,23.63636364,12.45909091,1013.590909,33.63636364
28-11-2016,22.45454545,9.185714286,12.04545455,37.31818182
29-11-2016,21.61111111,1.238888889,1015,53.72222222
30-11-2016,19.86956522,4.269565217,1016.608696,80.08695652
01-12-2016,19.75,2.704166667,1016.875,84
02-12-2016,19.20833333,4.945833333,1017.75,75.875
03-12-2016,21.20833333,5.866666667,1019.333333,52.16666667
04-12-2016,18.9,5.666666667,1019.7,55.25
05-12-2016,18.63636364,4.952380952,1017.045455,56.59090909
06-12-2016,18.53846154,2.503846154,1017.961538,69.92307692
07-12-2016,18.25,0.925,1017.421053,74.35
08-12-2016,16.9,1.765,1016.2,73.3
09-12-2016,19.41666667,1.3125,1013.416667,68.125
10-12-2016,16.44444444,5.355555556,1014,82.83333333
11-12-2016,20.04166667,4.716666667,1013.291667,69.58333333
12-12-2016,19.90909091,3.281818182,1014.181818,63.86363636
13-12-2016,19.05,3.43,1015.1,62.35
14-12-2016,18.55555556,8.027777778,1017.333333,58.61111111
15-12-2016,18.16666667,9.879166667,1016.666667,56.625
16-12-2016,15.83333333,3.916666667,1018.777778,63.27777778
17-12-2016,17.5,6.731578947,1016.947368,63.38888889
18-12-2016,16.08333333,6.420833333,1018.083333,64.54166667
19-12-2016,17.85714286,10.41428571,1017.428571,56.0952381
20-12-2016,19.8,15.92666667,1015.2,48.53333333
21-12-2016,18.05,19.4047619,1015.619048,54.3
22-12-2016,17.28571429,6.180952381,1016.142857,57.85714286
23-12-2016,15.55,1.205,1014.25,74.7
24-12-2016,17.31818182,5.236363636,1011.318182,78.63636364
25-12-2016,14,9.085,1014.35,94.3
26-12-2016,17.14285714,8.784210526,1016.952381,74.85714286
27-12-2016,16.85,8.335,1017.2,67.55
28-12-2016,17.2173913,3.547826087,1015.565217,68.04347826
29-12-2016,15.23809524,6,1016.904762,87.85714286
30-12-2016,14.0952381,6.266666667,1017.904762,89.66666667
31-12-2016,15.05263158,7.325,1016.1,87
01-01-2017,10,0,1016,100
