Temperature,Windspeed
18.187515,3.7233253
20.538975,6.6059065
20.175224,5.349158
18.956318,3.8725562
19.73565,4.2654185
21.12222,5.997708
20.027601,4.607769
19.113853,3.8951733
21.42725,6.2445602
20.22937,4.917819
18.206627,3.7520978
19.231905,4.6948447
19.391285,5.2767653
18.401196,4.448537
19.16919,4.546257
18.255806,3.7519832
19.433666,4.9065537
18.753872,4.105319
18.913517,4.244381
21.116531,6.548776
23.127043,8.629809
24.179054,7.7179456
21.906626,4.611197
19.966751,3.916129
20.008554,5.729377
20.25645,8.081795
20.471779,7.1392603
19.51379,4.1594357
18.647959,3.7708445
26.639078,13.528637
22.712587,9.238669
23.469925,9.124573
23.443058,5.294616
21.405289,4.8072515
21.027824,4.324486
21.051035,4.4215465
23.966831,8.453481
22.544437,6.1997747
22.515419,4.9345345
25.636988,8.584816
22.578823,6.092743
22.219849,5.1949325
21.097689,4.2536945
23.209408,9.539293
22.41625,6.8521867
21.116901,5.0211153
22.70919,5.459524
23.127316,7.0639014
21.44776,5.20155
23.234495,6.03332
22.176065,4.771412
22.65183,5.9182067
21.48311,4.4655695
20.001593,4.102741
25.017553,10.84916
24.642962,10.078293
25.857338,8.741527
25.142164,4.8699446
26.398174,7.3675923
24.390982,5.7483616
25.321943,8.110066
24.61672,5.708196
24.460896,5.680032
25.317814,5.3282228
27.92769,10.230977
26.805593,8.056787
24.73822,6.1578135
27.654287,9.933027
23.822035,6.7128158
22.136814,5.723077
23.98472,5.922423
23.456957,6.4505606
25.22246,7.7142954
26.101934,6.561191
25.593365,5.117581
28.346092,9.017697
27.615486,7.553098
25.489462,6.075069
26.444708,6.281745
23.928684,4.8589134
22.502907,4.5877624
23.493244,5.3560963
22.20811,4.7468424
24.590944,7.6527343
25.379112,7.0374603
25.257254,5.7423244
27.909565,8.189069
26.032389,6.4715743
27.51776,8.548262
27.408548,7.180057
30.27231,11.583517
32.847733,12.055053
29.858751,10.464014
31.537205,10.257416
29.18112,9.201559
27.520891,7.2718267
30.288788,10.597348
28.427408,9.046427
31.714462,11.1377735
30.299892,9.620523
31.219687,10.176597
29.777082,9.19377
30.556353,9.977126
29.298496,8.883456
31.559326,11.372847
31.434168,10.195663
30.856533,9.164988
30.306437,8.168209
33.063656,11.697855
30.15117,10.345314
31.988033,11.829294
31.016872,10.069424
31.27751,10.257629
31.963459,9.557167
30.52495,8.543186
31.07142,8.324667
29.261326,8.027303
31.678478,11.110824
31.950981,10.968415
30.906218,9.879377
32.41631,9.243226
32.500237,9.175457
30.624735,8.85525
32.906967,10.943542
33.0495,10.77218
30.920675,9.416907
31.280191,8.667963
31.744688,8.950416
32.60211,10.484527
31.112223,9.518087
32.410824,10.053391
33.05687,9.70568
32.976295,10.045543
31.52035,9.217482
31.221565,8.868579
32.91954,10.382614
30.606956,9.215962
31.34743,9.485691
32.71623,9.88009
32.99827,10.556096
31.240778,9.60023
32.915977,10.4815235
31.113214,9.51038
33.2547,12.136479
31.141235,10.454882
32.50639,11.517791
31.364729,9.917838
32.47661,11.257421
30.700397,9.914639
31.696705,10.843082
31.281794,9.82835
30.496355,8.654773
30.799673,8.105161
32.269493,10.207796
30.962114,9.32427
30.885675,8.894003
32.11007,9.173227
32.06657,9.551455
30.71796,8.863043
31.289381,8.750569
27.946764,8.220544
27.247202,7.7596493
23.232996,5.598254
25.306879,10.865449
24.987642,9.028277
27.003723,11.462345
27.066942,7.030118
30.047218,10.669788
31.085487,10.05444
29.95855,9.024765
27.345823,7.9164114
28.563532,9.697177
24.972736,7.1522465
21.818054,5.3614955
21.9449,4.4364567
21.541859,5.5238585
23.185804,8.016031
23.12985,5.8952494
24.019499,4.999487
25.113184,5.57135
23.584732,4.695573
22.437246,4.4810066
25.18063,9.087673
22.433382,6.540679
24.677837,9.113467
24.722338,6.0453506
24.71045,6.457594
23.84272,4.6805415
25.770987,8.202963
23.628376,6.086708
25.62567,9.801379
24.179623,6.3525777
22.740822,5.6087193
23.64942,4.8959637
22.64694,4.8466563
21.275066,4.401508
20.601135,4.1362023
20.416365,4.467364
18.863863,3.9171252
18.950607,3.99964
21.0337,6.119132
20.445776,4.910507
21.184523,4.904271
19.719082,3.9418273
20.797436,5.1858587
20.934372,5.1726274
22.547113,7.877339
21.04512,4.941062
19.89788,3.9955688
22.927305,7.9567266
21.042374,6.2134724
20.994926,4.85163
20.730455,4.186074
19.382936,3.8713422
19.04918,3.9481666
18.023083,3.6845565
20.383787,6.669191
19.278812,4.661938
17.799114,3.682193
20.746708,6.957054
18.47752,4.815453
21.047134,8.380298
20.506777,6.034842
20.757797,5.777605
21.156742,4.6407485
20.053143,4.105121
20.996506,4.8291674
20.218353,4.1653886
24.905857,11.0469055
26.200811,10.455355
23.281292,6.3891683
24.409882,5.7219377
31.374166,15.060039
27.919115,12.845954
26.656717,9.711107
26.286282,7.9690332
23.164217,5.28929
21.11699,4.895658
23.007244,7.6295333
24.596281,7.992122
24.722464,5.8444843
25.92498,5.65157
26.415186,5.6234703
26.059109,5.092943
24.997866,4.7462797
27.93232,9.86102
27.653805,8.963195
25.081793,6.7724533
25.573343,5.497215
24.683603,5.4119043
24.432955,6.872464
26.389862,7.9839473
24.101753,5.694452
25.065592,6.375566
25.336262,6.8026695
24.23723,6.573854
24.326445,4.7179556
22.549976,4.4897895
25.020811,8.873376
24.684551,8.84652
23.911636,7.111023
25.82394,5.7612185
24.327187,4.819177
22.863037,4.530244
24.637081,7.4054737
26.394136,10.806339
30.216335,13.11401
28.490894,10.029358
30.115602,10.016585
28.29218,8.684146
29.154697,10.471944
26.964014,8.209655
25.191433,6.665628
25.838829,6.2107553
26.374498,8.552015
24.595074,6.6278415
23.031084,5.2068653
21.739086,4.2944016
23.867918,9.915462
22.849224,8.621365
22.189352,5.628241
22.03804,4.4550114
23.189135,6.9544377
22.289965,6.221596
21.185505,4.5674763
22.437738,4.904749
22.680202,5.474339
21.95222,4.7709546
24.35549,7.161769
23.357216,5.4478545
23.21556,4.7547183
23.773108,4.708222
22.296211,4.5296745
23.452349,5.7188826
23.061296,4.7436867
21.242764,4.3881273
25.11903,9.642005
23.105206,7.1299944
22.925789,6.528663
23.38667,4.6216035
25.855637,9.939941
25.111282,7.7469244
25.025396,6.3528576
24.45854,4.8634586
22.909582,4.5396805
25.184282,9.0170555
22.242733,6.1513653
21.665295,4.9899225
20.31506,3.9570339
19.760326,5.3686285
18.709679,4.220083
22.23009,9.0251875
22.99057,8.145601
24.811142,8.708362
23.779724,5.2839932
28.057156,11.022328
25.719864,8.357307
26.059517,9.1410055
25.948751,6.134287
24.476662,4.8383236
24.121557,4.6472564
22.635336,4.492687
21.670143,4.397461
21.281925,4.6356587
24.096989,9.088617
22.240427,6.086218
22.947088,5.5767803
23.95596,5.659491
25.244476,9.123207
23.918068,6.2107625
26.619093,9.064324
23.997616,6.105761
22.323536,5.3672113
21.54935,4.3981338
22.08267,7.5797215
20.916407,5.1109443
23.153402,7.8414307
22.475967,5.5208435
22.241865,5.0284414
21.275326,4.3199115
19.928581,4.007349
18.567139,3.6875043
19.870983,6.145356
19.066803,4.8988867
20.535515,6.52922
19.770485,4.4253626
21.991848,6.9721336
20.378418,4.625206
19.443718,3.9666042
18.300146,3.6041605
18.588282,5.047022
19.432167,6.1976957
19.52509,5.994228
19.767796,4.722366
19.224691,3.959615
18.986202,3.8791828
20.089993,4.8126655
22.046558,7.4842086
21.299084,5.3800974
20.563576,4.279127
23.192652,7.288887
20.543407,4.9849367
19.8111,4.3874397
18.906038,3.7233393
18.22995,4.370011
18.128834,4.190664
18.405495,4.566386
18.251957,4.0632114
17.658653,3.5996053
19.072105,5.033945
17.770538,3.9436173
18.976536,5.221207
18.519094,4.4318957
17.70298,3.7152736
17.380974,3.5380902
19.949808,6.910122
18.367111,4.849534
18.871437,5.106843
19.304102,4.9053392
17.890774,3.9650247
18.120304,4.070847
19.172417,5.09757
18.22433,4.257794
18.955355,4.6243186
18.25055,3.7523234
20.29916,6.135193
18.487423,4.180626
17.527723,3.6361196
17.345968,3.66169
19.329845,6.8521094
19.419312,6.497011
17.533634,4.0307403
19.38862,5.7032356
18.377058,4.5338345
17.21314,3.7149773
23.474482,11.680859
22.679201,9.607328
21.6057,5.9353347
22.594032,4.563192
21.065844,4.340845
19.378174,3.9716768
21.851217,6.5415983
19.829441,4.654292
22.774353,8.373282
26.221682,11.414148
23.728876,8.091384
23.747412,5.8133354
24.842386,6.382565
23.47084,6.021732
23.519463,4.7754436
22.750626,4.521465
22.373438,4.5295167
23.081268,6.276247
21.401108,5.0202556
23.040565,6.060869
22.211914,4.73423
23.629347,7.1796455
21.484158,4.817514
20.475964,4.340478
21.831486,5.6309853
19.739544,4.605927
23.295126,8.703788
23.846315,7.5358524
22.135624,5.068945
27.184584,10.937987
25.409225,8.7640085
23.865883,7.1071134
23.419167,4.8682237
30.367872,14.696521
24.63069,10.484503
27.804756,12.877256
28.331251,10.326205
23.930235,6.542075
27.044905,7.929107
24.736155,6.0634093
23.863443,5.4054885
24.249054,4.842522
23.017056,4.644093
23.396313,4.6624274
24.44861,5.834048
23.856802,4.8911486
23.048035,4.5681257
24.50285,6.4902244
22.213802,5.151308
26.66637,11.514662
25.760576,9.012618
24.77969,7.57475
28.075977,8.654882
28.332884,9.256527
28.118881,8.161008
26.0064,5.764527
26.411915,6.915513
25.496761,6.557653
23.499952,5.4588366
23.715591,4.6213937
26.074924,8.353572
27.28491,9.772298
24.839169,6.957796
25.149574,5.5635195
29.449844,12.129338
28.517874,11.814699
27.88874,9.4447155
28.912836,7.8178973
32.954536,12.845327
27.89485,10.133304
26.62684,8.598839
33.21112,14.58442
27.97637,11.29973
27.628048,9.555543
33.004494,12.137947
32.202305,11.423455
32.77183,11.393882
32.120277,9.344518
32.601624,9.618392
30.524754,8.987793
33.36241,12.667812
30.942549,10.966648
29.546276,9.589017
35.73284,13.802287
32.195404,11.866542
31.217104,10.431138
31.986115,8.888408
32.116848,9.888169
32.44761,10.494389
29.886942,9.623426
32.723335,11.460842
31.53104,10.599819
30.143959,8.9084215
31.35493,8.600224
31.59257,9.295776
32.68856,10.43896
33.06316,10.288779
32.13613,9.491849
35.284397,12.02268
33.10408,10.761792
32.430954,10.219288
30.511604,9.173707
31.305326,10.99132
32.426212,12.447986
31.925814,12.004541
33.75214,10.839013
34.60958,10.633735
31.973259,9.865945
33.19063,10.435348
31.705433,9.757621
31.386648,9.476744
30.92296,8.654651
31.98223,9.9388485
30.768417,9.018013
31.036726,9.084646
34.854675,12.639917
31.792946,10.9614315
32.872078,10.8126
34.983177,10.750908
35.12829,11.994009
32.046227,10.6075
35.242943,12.54974
34.489517,11.728126
31.118536,9.610559
29.920334,8.722806
31.287224,10.786212
29.810602,9.924595
29.156738,9.005886
29.619701,7.536518
30.73018,9.005125
29.809692,8.334574
31.946402,10.600685
29.936049,9.579864
32.365837,11.913102
29.788046,10.224538
25.43897,7.2556586
28.023132,10.318288
24.244598,7.1261687
27.214956,11.631306
26.787264,8.006424
28.731106,9.796648
27.33559,7.5805
27.177185,7.5103564
26.690056,6.3030396
29.21788,10.963701
27.449558,8.692497
26.200966,7.2158194
27.485342,7.994091
29.025229,11.024577
26.593658,8.721548
25.739649,6.8937736
25.285301,6.209516
22.485598,4.494076
23.233839,6.4984303
23.269579,5.459254
21.102676,4.323262
24.040298,7.886241
23.854246,7.943697
22.095484,5.9605165
24.900148,7.347871
26.673256,9.210738
23.366919,6.227344
22.21585,4.631131
26.146805,11.007738
24.194328,10.764535
26.121393,10.472779
23.439705,5.069479
28.425684,11.930343
25.417786,9.140549
21.31646,6.2340975
24.906015,8.332524
22.378708,6.8584833
21.102345,5.538398
20.743832,4.184867
20.032555,4.0142035
20.911055,5.335853
21.733067,6.33543
20.661873,4.517908
20.039711,4.057725
19.819418,4.072973
21.536396,7.1969147
21.464142,6.1014504
22.921465,6.186778
23.238699,4.6540565
22.55482,4.5532165
21.980087,4.441337
22.513683,5.5802803
20.933918,4.6149125
21.434492,4.862259
21.314655,4.433917
19.000498,3.860388
19.214191,4.1376534
19.67097,4.8697715
20.137836,5.99669
19.04405,4.0502944
18.01199,3.6842828
19.097672,4.8790717
21.523327,8.844464
20.008665,5.6049166
18.068298,3.7210782
23.264341,10.483467
22.773136,9.919643
21.140564,6.5480614
25.984455,10.617533
24.85712,8.266013
27.335135,11.002791
27.43118,7.2595434
24.83849,5.7390084
23.782612,5.089376
23.29819,6.073526
20.918331,4.9726634
23.416039,7.7866488
26.588604,10.604955
23.943136,7.1036572
25.621496,7.430284
26.842865,8.402946
23.174978,5.9649515
27.524052,10.526986
24.817112,7.452079
26.719126,10.920548
24.233202,6.5049453
21.652061,5.220506
24.57939,8.570134
23.161211,8.554403
23.732523,6.358549
26.880175,8.321946
26.23078,6.7955785
24.220875,5.4024043
26.661823,8.648628
24.748663,6.808304
23.162512,5.7543097
23.957937,4.6647906
23.001036,4.560545
22.850573,4.819185
22.813328,4.553122
22.918499,4.595204
23.831184,5.458131
23.74014,4.791055
22.326052,4.533936
26.727581,10.905935
26.949774,10.626019
25.30954,8.46911
28.79915,9.094579
25.615622,6.7905936
28.01717,11.021438
25.928892,8.145394
28.39641,12.015406
27.287611,8.8774605
26.918545,8.562119
26.22641,6.1247973
23.973942,4.664912
24.70055,5.817884
23.824844,5.3722153
24.582823,5.785539
23.313084,4.6264706
22.356073,4.5144076
23.264853,6.3245206
24.648756,9.655571
24.184183,6.916668
23.03754,4.995564
23.751242,5.247119
21.395393,4.5036407
19.85672,4.1395245
20.012299,4.056163
22.033401,7.2023654
21.49334,5.357029
21.709307,4.622459
24.049318,6.9495482
23.281462,5.683393
22.543941,4.5683503
25.516144,8.429539
24.577524,7.08088
23.109442,5.4995356
24.357254,5.2214537
26.335005,9.330726
24.200603,7.3587456
25.27138,6.2748237
25.634314,5.056934
23.488121,4.6474123
22.939398,4.540493
22.866175,4.911893
23.488758,6.727855
21.803766,4.941885
21.847881,4.5353165
21.127285,4.3535905
21.660866,6.3247952
21.747688,4.972228
24.122055,7.906631
25.710981,8.120887
24.737167,6.0007076
26.239494,6.1351967
24.715065,5.002897
23.805473,4.715826
25.72197,7.448562
23.717146,6.0036635
22.986992,4.84821
24.395996,6.144422
24.919489,8.101113
24.060165,6.1652536
23.76474,4.691496
23.096493,4.5245676
21.105349,4.2747316
23.742657,8.890608
22.308275,6.413552
22.515228,5.5672283
22.461517,4.5059237
23.569006,7.2804155
23.204557,5.704611
23.403355,4.858759
25.461977,6.762931
25.74192,6.662425
23.819925,4.95401
23.089247,4.5812407
25.584152,9.602424
22.733418,7.185129
21.697195,5.2233796
21.510971,4.2852135
18.79911,3.74897
19.880451,5.668098
18.220861,4.2073483
20.212387,6.780679
18.455547,4.531258
17.17425,3.634947
17.493385,3.9360714
16.98642,4.0212855
17.97902,4.969903
17.88034,4.653116
18.363152,4.8409443
18.262428,4.314605
18.069412,3.9745536
22.402737,9.754515
20.682934,6.1130977
20.428452,4.7686462
20.06089,4.050371
19.2585,4.2213144
19.561584,4.4002
19.1184,3.9914467
18.276173,3.760142
18.701939,4.330442
17.639906,3.6469023
22.158474,10.260807
19.938227,5.8138976
19.183582,4.5238185
20.865582,5.592548
18.58339,3.539047
20.245777,5.3586726
19.906506,4.5813055
19.271458,3.923102
19.912827,4.017425
20.96532,5.0332837
20.011,3.9960423
19.335884,3.5817106
21.151775,5.3672833
20.078308,4.388313
18.536995,3.9572985
19.281296,4.9567943
19.185143,5.0337443
18.594398,4.49158
19.405151,4.260114
18.680946,3.6250565
19.539406,4.6361656
19.026817,3.6934118
19.272213,4.071214
20.880348,5.2051597
22.6817,8.732452
24.14921,8.04313
21.602161,5.0887527
19.533745,4.5343437
19.91885,6.091556
19.656254,6.6579533
20.26096,7.6558633
19.644903,3.901717
18.919233,3.5835261
24.467337,13.570381
21.212994,8.4416685
23.238754,9.0942745
23.258137,5.1513424
21.81074,5.032539
21.312605,4.073394
21.42398,4.2269397
23.509771,7.495067
22.37031,5.3487773
22.63341,4.7496996
25.070255,6.9309354
22.14174,4.8336267
22.239677,4.848873
20.714165,4.1362166
22.475784,9.131681
22.288649,6.7814965
20.779062,5.4180264
22.551218,5.246802
22.909224,6.4953213
21.333601,5.6178026
23.333498,5.6306443
22.122318,4.5499253
22.825674,5.8669496
21.442318,4.3467793
20.088835,3.738164
23.805964,9.546677
24.22994,10.382967
26.047739,9.093555
25.120142,5.013303
26.237764,6.3543725
24.236816,4.9651403
25.151752,7.1630177
24.627455,5.0408072
24.706898,5.8354144
25.470533,5.3591824
27.185663,9.063724
26.90323,7.4468107
24.155434,5.741212
26.784576,8.338026
23.222383,5.6704693
22.034065,5.579349
23.914013,5.4771194
23.50977,6.393049
25.130562,7.326397
26.21746,6.8894067
25.89277,5.60427
27.921385,7.1944327
27.649588,7.5177765
25.400064,5.719058
26.440928,6.14556
23.86078,4.6585307
22.691263,4.527206
23.59053,5.1128826
22.391552,4.5767584
24.354433,6.656679
25.371721,7.0132203
25.542671,6.4855046
27.698572,6.953238
26.064604,5.416128
27.313042,7.1305876
27.453646,6.80807
29.326078,9.953528
31.946037,11.521723
29.322412,9.801781
31.408024,9.321333
28.36178,8.002351
27.56924,6.631525
29.473118,8.622156
28.326284,9.081162
31.0789,9.829392
30.024033,8.44367
30.957342,9.337194
29.379936,7.984012
30.018732,8.628763
29.04538,7.763633
30.699366,9.509731
30.937647,9.489881
30.74389,9.424751
30.189833,8.164318
32.42218,9.53288
29.686647,9.091223
31.505512,10.36304
30.604332,9.111096
30.933681,9.439526
31.580498,8.803638
30.452818,8.881209
31.054014,8.3612385
29.02387,7.6537805
30.895409,9.106792
31.223742,10.158371
30.652622,9.937411
32.482716,9.047959
32.44684,8.901558
30.60781,8.750467
32.71894,9.501069
32.724106,9.868245
31.035221,9.800257
31.30889,8.845939
31.552626,8.52762
32.157074,9.67554
31.05681,9.361023
32.437233,9.696696
32.914856,9.189876
33.005077,9.840653
31.660355,9.236089
31.267359,8.870257
32.641922,9.138282
30.444784,8.898942
31.23634,9.222357
32.470535,9.027901
32.791264,10.0734415
31.322086,9.543925
32.98372,9.68093
30.828627,8.762785
32.74587,10.277693
30.925928,9.4178505
32.300304,10.521319
31.046453,9.08485
32.165726,9.998895
30.34,8.724274
31.393394,9.6640415
30.888586,8.817618
30.384682,8.793816
30.669497,8.023761
31.891312,9.230479
30.81892,9.079998
30.869795,9.036587
31.965767,8.640713
31.76507,9.141068
30.691692,8.9534445
31.26448,8.682016
26.75854,7.7064724
27.066393,7.5933547
22.154486,5.794246
24.35252,10.236532
24.53213,8.826879
26.610537,11.558157
27.209845,6.72393
29.34837,8.933228
30.384563,9.567687
29.748184,9.130525
26.195732,7.7359624
27.88909,8.824696
24.346983,6.149815
21.411142,4.8858175
21.764893,4.3977933
21.541782,4.831347
22.93303,7.900456
23.330095,6.056644
24.344255,5.60725
25.253368,5.299915
23.717272,4.545452
22.22312,4.321724
24.496443,7.3633723
21.977148,5.4005146
24.402163,8.40879
24.792978,5.8711543
24.95591,6.7892685
23.825882,4.560353
25.396603,6.5997353
23.23178,4.961333
25.17691,8.500648
23.79285,5.1467257
22.856346,5.1733074
23.757753,4.9234176
22.898325,5.0632467
21.37018,4.3286304
20.444965,3.820311
20.367573,4.14389
19.216436,3.6104257
19.308372,3.6598032
20.902676,4.9202747
20.536682,4.3039765
21.541786,5.061993
19.898182,3.8171387
20.69893,5.0604763
20.702297,4.986018
22.332687,8.627573
20.910484,4.4614024
19.882181,3.8336027
22.240822,6.861715
20.77245,6.1572404
21.330362,6.0166616
20.797411,3.8829274
19.527056,3.4569197
19.32386,3.719298
18.428368,3.575273
20.101646,5.5317893
19.206078,4.2053957
18.197748,3.9298143
20.282782,5.8811088
18.207943,4.586473
20.80684,8.16554
19.974579,5.4778514
20.95123,7.2618637
21.516775,4.3882422
20.296635,3.8468869
21.139206,4.5728393
20.439772,3.8912601
23.790745,10.671869
25.843647,10.45328
22.438251,7.093235
24.27087,6.709974
28.934708,15.137337
27.0449,15.196198
25.796686,9.161503
24.76465,7.134484
22.737352,5.0007067
21.27116,4.460195
22.817713,7.44081
24.443796,7.6602573
25.012377,6.309105
26.14234,5.824092
26.618887,5.6715975
26.359758,5.764403
25.151905,4.68896
27.253855,7.521449
27.446722,8.736761
24.720497,6.3670096
25.621092,5.8463807
24.760492,5.641814
24.463007,6.7436843
26.168928,7.4413953
23.748547,5.243358
25.082212,6.295141
25.235315,6.795171
24.447126,7.1945763
24.53689,4.785753
22.258942,4.478602
24.327335,7.2052674
24.337791,8.326343
24.079584,7.8644314
25.977488,5.4748344
24.37098,4.605994
22.717451,4.3410926
24.300758,6.2704105
25.695116,9.782344
29.065283,12.607392
27.906998,8.851693
29.799417,8.695947
27.602777,7.4495225
28.44892,8.6084585
26.570004,6.5940914
25.220533,5.549715
25.740644,5.5851746
25.905136,7.1941986
24.578562,5.3483105
22.597517,4.5824833
21.017487,4.207833
22.86052,8.89804
22.3916,8.995054
22.058973,6.444658
21.791817,4.235118
22.960886,5.925556
22.361412,6.050969
21.305069,4.975986
22.483778,4.8067994
22.760891,5.401629
22.25434,5.197136
24.172014,6.262841
23.372707,4.6463933
23.398083,4.8534274
23.935024,4.8165197
22.52638,4.388123
23.587797,5.1943083
23.200657,4.7262254
21.266764,4.3449903
24.27112,7.7590837
22.603165,6.0335484
23.03824,6.9282265
23.366999,4.4562445
25.059633,8.318002
25.14857,7.405729
25.286854,6.1860867
24.316984,4.5509872
22.77836,4.2767987
24.535254,7.4041986
21.725769,4.957901
21.284801,4.6083283
19.811367,3.7911346
19.721657,4.900824
18.887995,3.893276
21.638649,8.94404
22.73357,8.206657
24.707159,8.944168
23.751244,4.6400833
27.126371,9.169811
25.245337,6.627985
26.036428,8.046612
25.890345,5.546247
24.739304,5.2478366
24.162209,4.536481
22.606274,4.3128867
21.595009,4.041062
21.489044,4.344618
23.493654,8.437236
21.870876,5.1841803
23.116407,5.403351
23.962177,5.792988
24.86733,8.471552
23.83574,4.993071
26.24364,7.4456196
23.264229,5.399652
22.328894,5.0617385
21.110844,4.318861
21.83287,6.726906
20.679424,4.446027
23.020601,7.679955
22.401917,5.0418363
22.520819,5.6586947
21.179504,4.182132
19.99346,3.763311
18.6814,3.5688245
19.737694,5.5143275
18.864834,4.3035355
20.41662,6.441529
19.845959,3.8372605
21.961073,6.6613355
20.251446,4.13652
19.602266,3.9272258
18.346924,3.6564314
18.705496,5.296063
19.141308,5.710566
19.511673,5.739498
19.834663,4.195422
19.515152,3.540264
19.25094,3.426014
20.136528,4.3025846
21.729092,6.971504
21.293482,5.5551333
20.702374,4.1050477
22.923716,6.088873
20.100643,4.3453407
19.976555,4.632072
18.800072,3.6697414
18.562662,4.653329
18.361273,4.289575
18.607563,4.5521674
18.578085,4.043608
18.092878,3.8047144
19.179958,4.832703
18.070143,3.9694703
19.1337,5.256143
18.628683,4.178211
18.150951,4.0447073
17.856655,3.8678923
19.740036,5.9124484
18.149868,4.5713205
19.247986,5.693055
19.301807,4.50825
18.1404,3.9863513
18.499136,4.302738
19.122002,4.7779756
18.385792,4.039645
19.193554,4.46897
18.716545,3.6697483
20.095509,5.0744085
18.649313,3.961065
17.939209,4.1969275
17.72773,4.381668
19.091505,6.3317776
19.153355,5.4537706
17.736828,4.278691
19.373173,5.5369287
18.280449,4.476319
17.799866,4.593105
22.040634,11.184242
21.909847,10.226192
21.118473,7.0025816
22.596403,4.6660557
21.05096,4.065559
19.607471,3.548802
21.698013,5.4116087
19.648827,3.9870012
22.442945,8.006016
25.197256,10.816418
23.015085,7.4774356
23.593634,4.6749935
24.720282,5.721199
23.590652,6.118045
23.834114,5.453595
22.64013,4.4067287
22.366041,4.4916244
23.042717,5.712507
21.475466,4.7724338
23.158754,5.721253
22.247238,4.540218
23.586885,6.6609764
21.11449,4.524608
20.699589,4.8925996
21.353338,5.549642
19.688046,4.267895
22.848585,8.369182
23.80922,7.305071
22.020298,5.275195
26.13088,8.873399
25.279596,8.354417
23.890465,6.905046
22.861647,4.552776
27.908123,14.075575
22.823195,9.247709
26.982374,13.184468
27.529018,9.23055
24.123644,6.6517925
26.788912,6.2800555
24.53973,4.8096004
24.022366,4.8931465
24.43422,5.0248795
23.29224,4.9047766
23.63766,4.7552924
24.50597,5.383697
24.04637,4.795384
23.049593,4.396996
24.368855,5.588552
21.96688,4.6086483
25.579441,10.49872
25.696278,8.7358265
25.0514,7.545322
27.704714,6.6965895
27.971142,8.690504
28.083996,8.292741
25.452612,6.3160834
26.29291,7.00044
25.426998,6.6567645
23.807833,6.1120725
23.783983,4.4698157
25.591217,6.5331106
26.838423,9.244544
24.395672,6.2560697
25.249971,5.6566057
28.170925,10.399005
27.828133,12.251617
27.742512,9.044919
28.802513,7.491919
31.593012,10.426959
26.691856,8.100295
26.175297,7.041053
31.158155,12.313179
27.60501,11.639521
27.732683,9.354695
32.06227,9.695732
31.394705,10.989923
32.58377,11.349808
32.335953,9.424528
32.727417,9.520227
30.106339,8.5659075
32.52436,10.39679
30.568764,9.926747
29.51015,9.354992
34.637585,11.288358
31.795036,11.484728
31.208277,10.213299
31.52525,8.05606
31.84455,8.720942
31.956133,9.923492
29.591892,9.044863
32.401894,9.62385
31.051397,9.351962
30.027473,8.988159
31.209557,8.311945
31.237291,8.759717
32.386322,9.930801
32.998016,9.965766
32.378403,9.764085
35.37375,10.708531
33.201324,10.25745
32.65251,10.454339
29.315704,8.848291
30.494648,9.408614
31.502163,10.802986
31.282265,11.689307
33.887077,10.62604
34.87831,10.400182
32.08441,9.8258295
33.190247,10.14992
31.330034,9.088204
31.197102,9.079083
30.755724,8.214198
31.788721,9.335298
30.662434,8.430867
30.934362,8.885409
34.264286,10.725217
31.786848,11.005194
32.950417,10.551125
34.671185,9.136666
35.212456,11.163785
32.087593,10.509149
35.13877,10.701528
33.928535,9.754967
31.378983,10.120616
29.2603,8.80292
30.503672,9.106477
29.283066,8.885222
28.895996,9.011374
29.552952,7.4602666
30.383871,8.164694
29.589369,7.9726095
31.419613,9.464222
29.600372,8.21081
31.802324,10.068633
28.799068,8.504814
24.299793,6.89619
26.857351,8.966727
24.137308,6.840063
26.575617,11.233659
26.861835,7.329461
28.3856,8.54823
26.92061,6.451372
27.192608,6.5998983
26.750315,6.093112
28.34836,9.564175
27.209213,7.559062
26.175438,6.1652923
27.138138,6.587198
28.048203,9.697714
26.358755,7.753886
25.368279,5.597459
24.794,5.393968
22.471895,4.254994
23.253166,5.671039
23.469227,5.574515
21.130987,4.490807
23.453526,6.9359193
23.505865,7.6868405
21.895807,6.858106
24.675943,6.1951065
26.297037,8.279245
22.739908,6.217693
21.36572,4.7277546
24.73549,10.467191
23.460602,11.301982
25.959665,10.842562
22.692772,6.029988
27.085178,11.1748905
24.616676,8.865046
20.190563,7.089918
24.018621,7.9112816
21.804047,6.8497987
21.387402,7.4671693
20.767563,3.907082
20.19894,3.761295
20.888153,4.555496
21.668743,6.149994
20.840809,4.310066
20.113537,3.707148
19.870132,3.7985427
21.213612,5.881837
21.394772,6.337682
23.156893,6.39405
23.48415,4.7962704
22.702108,4.418696
21.918129,4.1536145
22.583591,5.036394
21.060965,4.282068
21.759869,4.6999183
21.549082,4.1999984
19.272224,3.7380927
19.372887,4.352446
19.51482,4.621626
19.950018,5.1292963
19.28438,3.7293682
18.373978,3.6341093
19.157026,4.8858624
20.577473,7.2407427
19.638912,5.9807215
18.348192,3.9916053
22.138748,8.426679
21.98602,9.814928
20.414,7.757286
25.059221,8.594308
24.797026,7.847566
27.060005,10.071186
27.542326,6.625022
24.501432,5.387131
23.079311,4.7499704
23.11452,5.597517
20.968195,4.398974
23.292187,7.2318106
25.877663,9.400449
23.426111,6.325242
25.62588,6.7974133
26.532307,7.5630546
23.021517,5.577108
26.74359,8.62451
24.040567,5.9602947
26.141579,9.767994
23.187546,5.9902277
21.093674,4.669243
23.78921,7.935925
22.807505,8.963978
24.025652,7.173011
26.54229,6.9272013
26.389511,6.591879
23.934063,5.151304
26.144026,7.277003
24.754822,6.494068
23.340178,5.9505024
23.946005,4.5400004
23.035782,4.419226
23.115793,4.8148427
22.999949,4.5554996
23.161901,4.6734643
23.968824,5.0526342
23.992342,5.0521903
22.25403,4.4571323
25.658272,8.826448
26.54447,10.5159445
25.273043,8.41415
28.369164,7.430606
24.959507,5.6565943
27.171515,9.36989
25.28892,6.6917405
27.519205,10.509468
27.010931,7.4761295
26.916864,7.7176023
25.969032,5.6319203
23.987278,4.4560866
24.679485,5.299108
24.03235,5.562203
24.81376,6.0349426
23.24933,4.5557146
22.126932,4.253678
23.108343,5.791273
24.133654,8.970363
24.379845,7.090764
22.808142,4.667661
23.59414,5.4764175
21.215464,4.4518642
20.265478,4.079222
20.157475,3.6697
21.86887,6.3614426
21.627892,5.233809
22.0913,5.0657287
23.876244,5.999178
23.434233,5.4254866
22.604536,4.470044
25.0089,6.6000724
24.654198,6.9515557
23.083319,5.3732266
24.402164,5.251707
25.76037,7.9441934
24.22189,6.739988
25.483238,5.9602976
25.816416,5.2311745
23.608814,4.500326
22.858418,4.2911134
22.997913,4.814904
23.482347,6.3360887
21.709717,4.629191
21.978912,4.672543
21.040016,4.035993
21.737228,5.7603984
21.981186,4.8558216
23.897245,7.422646
25.518417,7.697596
24.936016,5.896224
26.381529,5.679619
24.708658,4.6899548
23.964754,4.686795
25.46223,6.224589
23.750154,5.0446963
22.904886,4.404932
24.297579,5.5331445
24.70014,7.2386475
24.303493,6.166849
23.827875,4.479513
22.890493,4.2836003
21.038343,3.9408188
23.181997,7.926685
22.040157,5.6208825
22.745508,5.905807
22.438646,4.3202186
23.43122,6.3304243
23.366499,5.4989305
23.75737,5.7054024
25.346514,5.6839557
25.795332,6.8245206
23.711916,4.927367
22.633528,4.5223937
24.763044,8.159121
22.319283,6.361539
21.291622,4.735878
21.111183,4.177641
18.930195,3.5107942
19.790741,5.078522
18.368446,4.0238514
20.149311,6.2511706
18.32235,4.3211265
17.757664,4.569799
17.775444,4.526336
17.334324,4.5010796
18.057554,5.22316
17.933575,4.8395133
18.456627,4.8603234
18.503132,4.311559
18.40627,4.057234
21.416668,9.064108
20.031172,5.4915223
20.471367,4.936019
19.922358,3.505572
19.509125,3.8282993
19.724277,3.8117423
19.422176,3.61111
18.625433,3.5619984
18.991806,4.339829
18.046387,3.832783
21.094128,9.145152
19.421099,5.209077
19.052933,4.9350734
20.46388,5.0540557
18.596878,4.2372937
20.271107,4.74793
19.949251,4.4080653
19.350512,4.247848
19.927174,4.2649
20.939892,4.5843263
20.183207,4.242509
19.445187,4.2187285
21.11594,4.7936616
20.175684,4.3890705
18.32722,4.3309693
19.141535,4.695857
18.9298,4.483969
18.373386,4.2821956
19.361961,4.3529987
18.681711,4.237155
19.470558,4.4634976
19.089344,4.2404838
19.194519,4.233336
20.896515,4.714372
22.387997,8.50898
23.819944,7.652704
21.825045,4.7755322
19.64912,4.733945
19.65411,5.183344
19.020304,4.996779
19.692587,5.6098423
19.85458,4.2254543
18.830696,4.2510204
24.336208,17.025723
20.873049,7.4601073
22.668879,6.7816114
23.333534,5.003847
21.742342,4.5813155
21.451473,4.2433834
21.483097,4.236127
23.557577,7.8623376
22.308302,5.0858974
22.638735,4.739915
25.1405,6.9319954
22.106672,4.8423095
22.18535,4.607611
20.877062,4.3341813
22.385736,10.150849
22.047886,6.27476
20.803854,4.856733
22.565985,4.8900704
22.693886,5.8603354
21.349361,4.838597
23.259663,5.154268
22.120264,4.4983463
22.66369,5.097176
21.455334,4.3747816
20.155228,4.2069173
23.816553,10.8499
23.805426,10.241621
25.63342,8.290503
25.230263,5.106056
26.178112,5.916985
24.199001,5.167022
25.098297,6.8574176
24.60874,5.2194595
24.6347,5.5015287
25.458456,5.275853
27.382322,8.835565
26.79878,6.9717813
24.400158,5.5226173
26.789417,7.118624
23.136656,5.403269
21.940304,4.9977427
23.834988,5.1394973
23.272404,5.8896594
25.046366,7.1848254
26.115322,6.3054304
25.84663,5.60933
28.0027,6.706017
27.637074,7.049171
25.488924,5.720853
26.401232,5.8388324
23.868137,4.8679686
22.719774,4.5612283
23.553507,4.888164
22.446852,4.5935817
24.409498,6.5427012
25.192326,6.6453576
25.42134,5.9186864
27.679932,6.532411
26.08898,5.6822453
27.318415,6.586662
27.374058,6.566411
29.609953,10.392972
31.978146,12.676208
29.730227,8.976771
31.211355,8.72662
28.830105,7.839065
27.563435,6.435298
29.663044,8.477019
28.38731,8.436568
31.131197,10.065979
30.195988,8.30241
30.962648,8.7653675
29.626982,7.9460983
30.12289,8.17112
29.25968,7.6613417
30.827917,9.852942
30.963749,9.061418
30.749582,8.821852
30.397821,8.125368
32.329453,9.476904
29.877506,8.714456
31.523481,10.16352
30.686298,8.782333
30.959938,9.147165
31.488485,8.605973
30.60559,8.409619
31.023493,8.212991
29.382784,7.5781574
30.980375,8.582514
31.138603,10.032751
30.744171,9.379279
32.285152,8.912816
32.25994,8.814694
30.811705,8.411727
32.516304,9.232189
32.4355,9.496793
31.17766,9.115275
31.354757,8.58881
31.464836,8.486891
32.078964,9.642641
31.184872,8.9367
32.217964,9.246086
32.678402,9.087431
32.78315,9.550161
31.769953,8.974945
31.27406,8.597856
32.458584,9.049367
30.605473,8.498739
31.171782,8.743516
32.304092,8.896466
32.655945,10.233923
31.490095,9.077232
32.716095,9.380718
30.962202,8.686941
32.619358,10.421935
31.004087,9.134729
32.212418,10.3507595
31.14074,8.907587
32.074005,9.82235
30.49486,8.569505
31.377913,9.183773
30.946472,8.608783
30.389843,8.315615
30.736742,7.9853826
31.796179,9.077774
30.962261,8.703855
30.880054,8.5854845
31.849325,8.634193
31.716236,8.719024
30.87019,8.518587
31.194546,8.403089
27.51906,7.1324563
26.986137,6.6300454
22.597126,5.2474775
24.19539,11.140602
24.173994,8.572334
26.04795,10.947565
27.154514,6.527585
29.5117,8.9406805
30.425573,9.314491
29.918053,8.426584
27.012241,6.978947
27.919044,7.595167
24.365314,5.8503366
21.403515,4.693513
21.800493,4.368196
21.567585,4.536683
22.751076,7.7434716
23.166874,5.48547
24.264927,5.258002
25.266058,5.2717967
23.728203,4.730942
22.231089,4.501314
24.476221,7.6540327
21.888046,5.0724506
24.180994,8.124788
24.627365,5.5917115
24.739819,6.228991
23.81165,4.753475
25.355057,6.3675704
23.151217,5.028048
25.055134,8.400039
23.728237,5.2696395
22.77605,4.9844995
23.697622,4.8073554
22.846151,4.796455
21.433277,4.37109
20.584587,4.2157226
20.452297,4.2638407
19.36208,4.2057047
19.37423,4.1785684
20.883904,4.5631585
20.614494,4.3277144
21.488132,4.558373
20.031467,4.241694
20.733078,4.634541
20.67508,4.4882483
22.105686,7.9826427
20.91056,4.4022355
19.974688,4.2835655
22.193733,6.448581
20.61772,5.611194
21.214672,4.8752527
20.894413,4.1780686
19.627533,4.193928
19.33409,4.2356734
18.382294,4.250791
20.061008,4.802155
19.176577,4.408511
17.940002,4.3404794
20.244556,5.1389217
17.719864,4.5965796
20.250755,6.36724
19.859188,4.7786393
20.565105,5.352552
21.539822,4.2481403
20.404678,4.184829
21.175385,4.39637
20.610416,4.1808925
23.799347,11.48031
25.526447,10.255723
22.68003,5.865845
24.151705,5.578226
28.905758,18.27276
26.694542,15.747616
26.087076,7.9265013
25.547688,6.5908117
22.843252,4.8288126
21.296534,4.319622
22.735693,7.350767
24.231916,7.501692
24.846338,5.77854
26.090336,5.6389933
26.549404,5.6016555
26.298029,5.629267
25.176678,5.0125785
27.31468,7.0646205
27.360727,8.2944765
24.844093,5.9153776
25.566832,5.489255
24.65565,5.321622
24.39536,6.5245256
26.192196,7.2894497
23.831997,5.1265116
24.896376,5.586121
24.957504,5.8854485
24.175684,6.659277
24.553501,4.9633555
22.340693,4.6493053
24.300383,7.4949856
23.898571,8.169549
23.735247,6.900467
25.941263,5.461897
24.384901,4.883707
22.749384,4.564865
24.270464,5.882573
25.632128,9.963601
29.23411,13.927028
28.162714,8.098781
29.780254,8.12896
27.979715,7.1920576
28.62381,8.176715
26.739033,6.600779
25.296518,5.798731
25.78774,5.611008
26.023548,7.0253654
24.523779,5.5035243
22.674202,4.861172
21.237518,4.560974
22.751259,10.0392065
22.003328,8.825208
21.954536,5.369743
21.799675,4.404365
22.913307,5.479577
22.141304,5.458179
21.28421,4.577425
22.54126,4.6373897
22.674871,4.8414297
22.233496,4.7790484
24.28019,6.088605
23.382086,4.8378115
23.401855,4.8321347
23.910055,4.7649302
22.612692,4.4816236
23.619995,4.989277
23.218767,4.72701
21.361439,4.392811
24.288177,8.628217
22.48023,5.658116
22.74538,5.6284776
23.457582,4.62752
25.287424,8.806811
25.012306,7.0721726
25.192842,5.936867
24.37813,4.9518204
22.87098,4.5166245
24.60379,7.855093
21.68517,4.8805246
21.322584,4.487754
20.050354,4.3257904
19.695387,4.5669546
18.865683,4.3065214
21.365883,9.214568
22.327566,7.8582735
24.366177,8.583379
23.731464,4.879167
27.166267,9.164572
25.151472,6.4715047
25.811386,7.2490816
25.952063,5.7392387
24.71173,5.195404
24.24319,4.7746334
22.681654,4.487634
21.675043,4.2927613
21.50727,4.298001
23.493048,8.839011
21.815527,4.879912
22.949045,5.027868
23.810785,5.20404
24.785242,8.407481
23.7974,5.1882644
26.24089,7.152727
23.396423,5.185689
22.264479,4.6995873
21.268227,4.3693614
21.737225,6.7543545
20.677517,4.3931937
22.822666,7.2274065
22.371214,4.837397
22.37725,4.9577484
21.290625,4.352615
20.09887,4.218494
18.536644,4.272219
19.563438,4.842805
18.781101,4.4413433
20.21688,4.90339
20.02861,4.238231
21.827202,6.108279
20.256798,4.320661
19.681257,4.2954454
18.054388,4.334986
18.233006,4.792314
18.694632,4.710719
19.003551,4.388442
19.917057,4.212546
19.7425,4.1663003
19.387577,4.1800203
20.193893,4.315686
21.567753,6.800741
21.292755,4.911144
20.773312,4.241747
22.924004,5.718721
20.11618,4.4734726
19.950897,4.432476
18.76117,4.279236
18.20044,4.5193157
18.172718,4.3942394
18.3189,4.3880405
18.461887,4.2805734
17.979767,4.311502
18.929008,4.574186
17.794933,4.35302
18.704227,4.6396294
18.495514,4.349369
18.03329,4.302503
17.575724,4.3913884
19.4164,4.988745
17.691616,4.5502305
18.651402,4.653984
19.21434,4.378478
17.941545,4.3101096
18.229668,4.431953
19.020592,4.5379915
18.24541,4.307102
19.01601,4.3994865
18.724827,4.231636
20.133629,4.5441904
18.431454,4.351296
17.563591,4.4867735
17.207794,4.570288
18.514812,5.1586595
18.511944,4.5424666
17.33563,4.361284
19.110504,4.9196353
18.076872,4.530515
17.362583,4.437788
21.621092,13.804733
21.464596,10.438476
21.053288,5.5697064
22.582579,4.5769453
21.16134,4.2322416
19.780817,4.1867995
21.616009,4.840917
19.687948,4.3388004
22.259367,7.8215327
25.011587,11.169378
22.866537,6.1172757
23.71085,5.0105863
24.667004,5.4197764
23.392834,5.568289
23.770939,5.1102123
22.65509,4.5561934
22.382284,4.445939
23.0033,5.0792384
21.480064,4.5395136
23.06406,5.138231
22.26351,4.535098
23.495375,6.301099
21.181482,4.577585
20.678055,4.526078
21.405094,4.765068
19.888348,4.282663
22.796202,8.767103
23.518373,7.1178036
21.898468,4.8930607
26.057917,9.372118
24.940517,7.948144
23.68229,6.1084285
23.011408,4.8892875
28.146347,17.372633
22.720207,7.5591617
26.341478,11.8561945
27.433784,8.059463
23.897648,5.937257
26.782612,6.049318
24.54552,5.166228
23.996248,5.0247693
24.352251,4.950276
23.311361,4.7806435
23.671877,4.7584786
24.604523,5.2920237
24.067184,4.925061
23.119717,4.582216
24.391241,5.304272
21.952608,4.5673466
25.529821,11.174989
25.386206,8.393072
24.787104,6.6247215
27.779348,6.5122285
28.05685,8.407499
28.13297,7.570452
25.881561,5.8886952
26.177004,6.1672573
25.211946,5.938691
23.637384,5.4523654
23.87849,4.6828914
25.690414,6.392951
26.892603,9.174627
24.496174,5.795525
25.175621,5.3605986
28.295536,10.910467
27.779919,12.541417
27.861135,8.011964
28.993034,7.266374
31.794403,11.239773
27.125149,7.540592
26.437902,6.732617
31.395334,12.509771
27.534582,11.652411
27.72374,8.357695
32.05641,9.304397
31.30767,11.400087
32.503952,11.68686
32.39733,9.330948
32.4785,9.21619
30.37665,8.44168
32.484985,10.299279
30.635721,9.43925
29.63877,8.695348
34.52175,12.057547
31.99189,12.0451
31.403135,10.014918
31.750883,9.252068
31.743551,8.631855
31.88502,9.841925
29.925379,8.483357
32.25418,9.264499
31.076801,9.011593
30.110575,8.470639
31.154045,8.261896
31.26718,8.353513
32.308517,10.05367
32.779198,9.805326
32.3632,9.382197
34.98069,11.043331
33.16732,10.121252
32.489822,9.844043
29.961481,8.662013
30.576262,8.591449
31.436419,10.969473
31.245337,11.929358
33.6268,10.807502
34.509224,10.063363
32.302856,9.551816
32.97419,9.58043
31.370451,8.906172
31.181252,8.629062
30.862265,8.221229
31.690521,9.026056
30.792862,8.373684
30.905758,8.4410305
34.04709,11.683886
31.929697,10.449009
32.738647,10.098029
34.48807,10.129556
34.934254,12.452458
32.400734,9.950186
34.847694,10.773313
33.894875,10.43917
31.461132,9.477588
29.834064,8.450602
30.639618,8.583532
29.345013,8.271829
29.048277,8.382439
29.762728,7.4945683
30.455727,7.9426775
29.78182,7.730923
31.405344,9.544127
29.83913,8.14351
31.795176,9.910143
29.255005,8.298091
24.934763,6.1846786
26.95703,7.5742755
23.82814,6.201194
26.347857,10.843921
26.756247,6.940009
28.478664,8.108441
27.182194,6.458126
27.159224,6.3205876
26.713577,6.075934
28.60721,9.420514
27.300634,7.208256
26.266205,6.2291994
27.205624,6.3801107
28.290558,9.881895
26.394968,7.185685
25.601778,5.867389
25.079079,5.555403
22.635706,4.460464
23.292353,5.351746
23.351831,5.239087
21.207745,4.499907
23.51957,6.1288347
23.170172,7.1958055
21.799017,5.4623604
24.69673,5.915952
26.189001,8.2309065
22.870358,5.464649
21.605328,4.823259
24.594788,10.892013
22.85604,11.434014
25.370428,9.918992
23.186949,5.2581673
26.878197,11.214899
24.282051,7.3358655
20.200283,5.947932
24.069088,6.3545012
21.77368,5.569196
21.056618,5.6485257
20.895166,4.202797
20.250261,4.161769
20.895351,4.3578286
21.499926,5.4598956
20.881817,4.2791224
20.197311,4.20104
19.963247,4.221045
21.138283,5.60254
21.251762,5.594342
22.93967,5.673635
23.496582,4.8295083
22.750534,4.527764
21.998566,4.3598104
22.577618,4.7061353
21.09785,4.2813945
21.682993,4.4172435
21.679178,4.297217
19.338863,4.262603
19.299313,4.4357915
19.461487,4.4126863
19.849773,4.349629
19.418503,4.237711
18.15646,4.298768
18.925354,4.6666694
20.38811,6.7348337
19.575165,4.9106054
17.999619,4.3768806
22.008913,8.296701
21.553146,9.990222
20.300507,6.002378
25.090721,9.4022
24.503319,7.630412
26.837229,9.750898
27.503603,6.654876
24.629845,5.3116217
23.237806,4.893065
22.965563,5.081586
20.982939,4.3483825
23.17201,7.1512218
25.887175,9.465757
23.400988,5.6864567
25.438091,6.1314206
26.33535,6.5530214
22.892214,5.201081
26.711872,8.384589
24.05398,5.7144394
26.027872,9.467849
23.46943,5.4794636
21.17348,4.590945
23.667337,7.377115
22.398008,8.60205
23.711336,6.3385105
26.585651,6.571168
26.276653,6.2435164
24.003962,5.087132
26.095747,6.406541
24.505781,6.0196686
23.196026,5.451559
24.013493,4.7281356
23.154797,4.5445666
23.158749,4.6932454
23.10759,4.5818
23.209265,4.6571074
24.034185,5.00766
23.980803,5.020901
22.274952,4.5330377
25.663897,9.605886
26.199873,10.367678
25.078472,7.095309
28.466255,6.957083
25.181372,5.6410418
27.232252,9.030701
25.32284,6.3503337
27.564745,10.498711
27.047308,7.1267543
26.841742,6.9751997
26.168774,5.77423
24.079222,4.775142
24.702133,5.166739
23.924406,5.290176
24.731318,5.521886
23.237951,4.693961
22.140955,4.421913
23.00284,5.1632276
23.9631,9.011758
24.179434,6.589301
22.84106,4.808752
23.537783,5.064222
21.27891,4.3692784
20.29755,4.192673
20.245441,4.149259
21.780312,6.342475
21.529526,4.85048
22.043716,4.674145
23.96036,5.90006
23.363892,5.237699
22.623888,4.6029906
25.03494,6.640868
24.439957,6.731999
22.939888,5.1385913
24.316517,5.0519137
25.721996,7.9856963
24.05984,6.129443
25.42274,5.7723866
25.811445,5.3796873
23.614231,4.670921
22.898035,4.522649
22.971859,4.6427755
23.362696,6.0275745
21.703634,4.5191126
22.001776,4.4704547
21.181402,4.2257786
21.653402,5.1657777
21.93113,4.68058
23.862179,7.3277373
25.43627,7.5764856
24.872892,5.6868567
26.347317,5.6652966
24.754688,5.025178
23.968664,4.8000937
25.47998,5.7923193
23.725584,5.182044
22.962503,4.658099
24.271679,5.2216344
24.550722,7.2123847
24.132744,5.6633267
23.863781,4.765645
22.98253,4.564891
21.101421,4.2197733
23.18502,8.590636
21.93431,5.213226
22.563381,5.138168
22.502234,4.4630265
23.444584,6.313396
23.250116,5.275462
23.611897,5.2096615
25.402172,5.576838
25.71043,6.386284
23.75136,4.9356
22.688429,4.621179
24.728397,8.2052145
22.171616,5.706179
21.298124,4.64712
21.203247,4.3370695
18.891773,4.238976
19.747103,4.6365123
18.08653,4.3726945
19.811703,4.951393
17.984533,4.495103
17.157375,4.5610213
17.256294,4.6058846
16.639748,4.660456
17.325586,4.769048
17.388,4.5560737
18.05227,4.487091
18.275284,4.325437
18.275341,4.2906575
21.225151,10.065609
20.05505,5.0037894
20.41283,4.360841
20.0811,4.1922293
19.62199,4.2227483
19.88148,4.189534
19.620441,4.1677337
18.567814,4.2405953
18.862637,4.4562073
17.85648,4.333872
20.819502,9.640022
19.180286,4.842782
18.774227,4.496573
20.503578,4.6485305
