From Date,Humidity
2019-01-01 00:00:00,76.0224
2019-01-01 08:00:00,76.0224
2019-01-01 16:00:00,76.0224
2019-01-02 00:00:00,78.6975
2019-01-02 08:00:00,78.6975
2019-01-02 16:00:00,78.6975
2019-01-03 00:00:00,78.1653
2019-01-03 08:00:00,78.1653
2019-01-03 16:00:00,78.1653
2019-01-04 00:00:00,84.8888
2019-01-04 08:00:00,84.8888
2019-01-04 16:00:00,84.8888
2019-01-05 00:00:00,70.3225
2019-01-05 08:00:00,70.3225
2019-01-05 16:00:00,70.3225
2019-01-06 00:00:00,71.5797
2019-01-06 08:00:00,71.5797
2019-01-06 16:00:00,71.5797
2019-01-07 00:00:00,79.7942
2019-01-07 08:00:00,79.7942
2019-01-07 16:00:00,79.7942
2019-01-08 00:00:00,74.1743
2019-01-08 08:00:00,74.1743
2019-01-08 16:00:00,74.1743
2019-01-09 00:00:00,67.0839
2019-01-09 08:00:00,67.0839
2019-01-09 16:00:00,67.0839
2019-01-10 00:00:00,73.8648
2019-01-10 08:00:00,73.8648
2019-01-10 16:00:00,73.8648
2019-01-11 00:00:00,82.8577
2019-01-11 08:00:00,82.8577
2019-01-11 16:00:00,82.8577
2019-01-12 00:00:00,68.2292
2019-01-12 08:00:00,68.2292
2019-01-12 16:00:00,68.2292
2019-01-13 00:00:00,72.1226
2019-01-13 08:00:00,72.1226
2019-01-13 16:00:00,72.1226
2019-01-14 00:00:00,94.8073
2019-01-14 08:00:00,94.8073
2019-01-14 16:00:00,94.8073
2019-01-15 00:00:00,80.2983
2019-01-15 08:00:00,80.2983
2019-01-15 16:00:00,80.2983
2019-01-16 00:00:00,76.3045
2019-01-16 08:00:00,76.3045
2019-01-16 16:00:00,76.3045
2019-01-17 00:00:00,81.3973
2019-01-17 08:00:00,81.3973
2019-01-17 16:00:00,81.3973
2019-01-18 00:00:00,75.525
2019-01-18 08:00:00,75.525
2019-01-18 16:00:00,75.525
2019-01-19 00:00:00,83.9593
2019-01-19 08:00:00,83.9593
2019-01-19 16:00:00,83.9593
2019-01-20 00:00:00,74.8255
2019-01-20 08:00:00,74.8255
2019-01-20 16:00:00,74.8255
2019-01-21 00:00:00,78.2214
2019-01-21 08:00:00,78.2214
2019-01-21 16:00:00,78.2214
2019-01-22 00:00:00,76.2189
2019-01-22 08:00:00,76.2189
2019-01-22 16:00:00,76.2189
2019-01-23 00:00:00,66.4617
2019-01-23 08:00:00,66.4617
2019-01-23 16:00:00,66.4617
2019-01-24 00:00:00,57.4468
2019-01-24 08:00:00,57.4468
2019-01-24 16:00:00,57.4468
2019-01-25 00:00:00,54.9491
2019-01-25 08:00:00,54.9491
2019-01-25 16:00:00,54.9491
2019-01-26 00:00:00,87.6089
2019-01-26 08:00:00,87.6089
2019-01-26 16:00:00,87.6089
2019-01-27 00:00:00,99.246
2019-01-27 08:00:00,99.246
2019-01-27 16:00:00,99.246
2019-01-28 00:00:00,82.0356
2019-01-28 08:00:00,82.0356
2019-01-28 16:00:00,82.0356
2019-01-29 00:00:00,71.9084
2019-01-29 08:00:00,71.9084
2019-01-29 16:00:00,71.9084
2019-01-30 00:00:00,68.7271
2019-01-30 08:00:00,68.7271
2019-01-30 16:00:00,68.7271
2019-01-31 00:00:00,76.3338
2019-01-31 08:00:00,76.3338
2019-01-31 16:00:00,76.3338
2019-02-01 00:00:00,88.7949
2019-02-01 08:00:00,88.7949
2019-02-01 16:00:00,88.7949
2019-02-02 00:00:00,42.9065
2019-02-02 08:00:00,42.9065
2019-02-02 16:00:00,42.9065
2019-02-03 00:00:00,74.8663
2019-02-03 08:00:00,74.8663
2019-02-03 16:00:00,74.8663
2019-02-04 00:00:00,66.955
2019-02-04 08:00:00,66.955
2019-02-04 16:00:00,66.955
2019-02-05 00:00:00,68.2208
2019-02-05 08:00:00,68.2208
2019-02-05 16:00:00,68.2208
2019-02-06 00:00:00,66.5306
2019-02-06 08:00:00,66.5306
2019-02-06 16:00:00,66.5306
2019-02-07 00:00:00,72.1162
2019-02-07 08:00:00,72.1162
2019-02-07 16:00:00,72.1162
2019-02-08 00:00:00,69.232
2019-02-08 08:00:00,69.232
2019-02-08 16:00:00,69.232
2019-02-09 00:00:00,55.5563
2019-02-09 08:00:00,55.5563
2019-02-09 16:00:00,55.5563
2019-02-10 00:00:00,67.7222
2019-02-10 08:00:00,67.7222
2019-02-10 16:00:00,67.7222
2019-02-11 00:00:00,67.7083
2019-02-11 08:00:00,67.7083
2019-02-11 16:00:00,67.7083
2019-02-12 00:00:00,51.8448
2019-02-12 08:00:00,51.8448
2019-02-12 16:00:00,51.8448
2019-02-13 00:00:00,75.8537
2019-02-13 08:00:00,75.8537
2019-02-13 16:00:00,75.8537
2019-02-14 00:00:00,70.55
2019-02-14 08:00:00,70.55
2019-02-14 16:00:00,70.55
2019-02-15 00:00:00,80.7329
2019-02-15 08:00:00,80.7329
2019-02-15 16:00:00,80.7329
2019-02-16 00:00:00,57.9291
2019-02-16 08:00:00,57.9291
2019-02-16 16:00:00,57.9291
2019-02-17 00:00:00,63.9813
2019-02-17 08:00:00,63.9813
2019-02-17 16:00:00,63.9813
2019-02-18 00:00:00,79.6494
2019-02-18 08:00:00,79.6494
2019-02-18 16:00:00,79.6494
2019-02-19 00:00:00,66.6686
2019-02-19 08:00:00,66.6686
2019-02-19 16:00:00,66.6686
2019-02-20 00:00:00,60.4408
2019-02-20 08:00:00,60.4408
2019-02-20 16:00:00,60.4408
2019-02-21 00:00:00,72.0181
2019-02-21 08:00:00,72.0181
2019-02-21 16:00:00,72.0181
2019-02-22 00:00:00,61.6547
2019-02-22 08:00:00,61.6547
2019-02-22 16:00:00,61.6547
2019-02-23 00:00:00,71.4707
2019-02-23 08:00:00,71.4707
2019-02-23 16:00:00,71.4707
2019-02-24 00:00:00,63.0251
2019-02-24 08:00:00,63.0251
2019-02-24 16:00:00,63.0251
2019-02-25 00:00:00,75.472
2019-02-25 08:00:00,75.472
2019-02-25 16:00:00,75.472
2019-02-26 00:00:00,78.0378
2019-02-26 08:00:00,78.0378
2019-02-26 16:00:00,78.0378
2019-02-27 00:00:00,51.3438
2019-02-27 08:00:00,51.3438
2019-02-27 16:00:00,51.3438
2019-02-28 00:00:00,52.5525
2019-02-28 08:00:00,52.5525
2019-02-28 16:00:00,52.5525
2019-03-01 00:00:00,51.464
2019-03-01 08:00:00,51.464
2019-03-01 16:00:00,51.464
2019-03-02 00:00:00,68.083
2019-03-02 08:00:00,68.083
2019-03-02 16:00:00,68.083
2019-03-03 00:00:00,53.7453
2019-03-03 08:00:00,53.7453
2019-03-03 16:00:00,53.7453
2019-03-04 00:00:00,65.7375
2019-03-04 08:00:00,65.7375
2019-03-04 16:00:00,65.7375
2019-03-05 00:00:00,53.3956
2019-03-05 08:00:00,53.3956
2019-03-05 16:00:00,53.3956
2019-03-06 00:00:00,62.7135
2019-03-06 08:00:00,62.7135
2019-03-06 16:00:00,62.7135
2019-03-07 00:00:00,58.434
2019-03-07 08:00:00,58.434
2019-03-07 16:00:00,58.434
2019-03-08 00:00:00,56.3395
2019-03-08 08:00:00,56.3395
2019-03-08 16:00:00,56.3395
2019-03-09 00:00:00,39.8512
2019-03-09 08:00:00,39.8512
2019-03-09 16:00:00,39.8512
2019-03-10 00:00:00,54.3313
2019-03-10 08:00:00,54.3313
2019-03-10 16:00:00,54.3313
2019-03-11 00:00:00,77.0696
2019-03-11 08:00:00,77.0696
2019-03-11 16:00:00,77.0696
2019-03-12 00:00:00,52.5478
2019-03-12 08:00:00,52.5478
2019-03-12 16:00:00,52.5478
2019-03-13 00:00:00,68.8042
2019-03-13 08:00:00,68.8042
2019-03-13 16:00:00,68.8042
2019-03-14 00:00:00,70.1727
2019-03-14 08:00:00,70.1727
2019-03-14 16:00:00,70.1727
2019-03-15 00:00:00,61.432
2019-03-15 08:00:00,61.432
2019-03-15 16:00:00,61.432
2019-03-16 00:00:00,58.8492
2019-03-16 08:00:00,58.8492
2019-03-16 16:00:00,58.8492
2019-03-17 00:00:00,51.6578
2019-03-17 08:00:00,51.6578
2019-03-17 16:00:00,51.6578
2019-03-18 00:00:00,51.3843
2019-03-18 08:00:00,51.3843
2019-03-18 16:00:00,51.3843
2019-03-19 00:00:00,59.0301
2019-03-19 08:00:00,59.0301
2019-03-19 16:00:00,59.0301
2019-03-20 00:00:00,44.2759
2019-03-20 08:00:00,44.2759
2019-03-20 16:00:00,44.2759
2019-03-21 00:00:00,49.2545
2019-03-21 08:00:00,49.2545
2019-03-21 16:00:00,49.2545
2019-03-22 00:00:00,66.2584
2019-03-22 08:00:00,66.2584
2019-03-22 16:00:00,66.2584
2019-03-23 00:00:00,57.6621
2019-03-23 08:00:00,57.6621
2019-03-23 16:00:00,57.6621
2019-03-24 00:00:00,68.8404
2019-03-24 08:00:00,68.8404
2019-03-24 16:00:00,68.8404
2019-03-25 00:00:00,67.0574
2019-03-25 08:00:00,67.0574
2019-03-25 16:00:00,67.0574
2019-03-26 00:00:00,61.671
2019-03-26 08:00:00,61.671
2019-03-26 16:00:00,61.671
2019-03-27 00:00:00,66.5732
2019-03-27 08:00:00,66.5732
2019-03-27 16:00:00,66.5732
2019-03-28 00:00:00,54.3925
2019-03-28 08:00:00,54.3925
2019-03-28 16:00:00,54.3925
2019-03-29 00:00:00,52.86
2019-03-29 08:00:00,52.86
2019-03-29 16:00:00,52.86
2019-03-30 00:00:00,55.9595
2019-03-30 08:00:00,55.9595
2019-03-30 16:00:00,55.9595
2019-03-31 00:00:00,45.6385
2019-03-31 08:00:00,45.6385
2019-03-31 16:00:00,45.6385
2019-04-01 00:00:00,61.2066
2019-04-01 08:00:00,61.2066
2019-04-01 16:00:00,61.2066
2019-04-02 00:00:00,48.83
2019-04-02 08:00:00,48.83
2019-04-02 16:00:00,48.83
2019-04-03 00:00:00,51.2269
2019-04-03 08:00:00,51.2269
2019-04-03 16:00:00,51.2269
2019-04-04 00:00:00,30.3555
2019-04-04 08:00:00,30.3555
2019-04-04 16:00:00,30.3555
2019-04-05 00:00:00,22.047
2019-04-05 08:00:00,22.047
2019-04-05 16:00:00,22.047
2019-04-06 00:00:00,51.3531
2019-04-06 08:00:00,51.3531
2019-04-06 16:00:00,51.3531
2019-04-07 00:00:00,42.0995
2019-04-07 08:00:00,42.0995
2019-04-07 16:00:00,42.0995
2019-04-08 00:00:00,58.5721
2019-04-08 08:00:00,58.5721
2019-04-08 16:00:00,58.5721
2019-04-09 00:00:00,52.1728
2019-04-09 08:00:00,52.1728
2019-04-09 16:00:00,52.1728
2019-04-10 00:00:00,36.294
2019-04-10 08:00:00,36.294
2019-04-10 16:00:00,36.294
2019-04-11 00:00:00,45.5958
2019-04-11 08:00:00,45.5958
2019-04-11 16:00:00,45.5958
2019-04-12 00:00:00,29.7401
2019-04-12 08:00:00,29.7401
2019-04-12 16:00:00,29.7401
2019-04-13 00:00:00,46.9187
2019-04-13 08:00:00,46.9187
2019-04-13 16:00:00,46.9187
2019-04-14 00:00:00,37.2996
2019-04-14 08:00:00,37.2996
2019-04-14 16:00:00,37.2996
2019-04-15 00:00:00,52.0333
2019-04-15 08:00:00,52.0333
2019-04-15 16:00:00,52.0333
2019-04-16 00:00:00,39.6216
2019-04-16 08:00:00,39.6216
2019-04-16 16:00:00,39.6216
2019-04-17 00:00:00,49.4551
2019-04-17 08:00:00,49.4551
2019-04-17 16:00:00,49.4551
2019-04-18 00:00:00,29.9129
2019-04-18 08:00:00,29.9129
2019-04-18 16:00:00,29.9129
2019-04-19 00:00:00,36.3894
2019-04-19 08:00:00,36.3894
2019-04-19 16:00:00,36.3894
2019-04-20 00:00:00,38.8862
2019-04-20 08:00:00,38.8862
2019-04-20 16:00:00,38.8862
2019-04-21 00:00:00,48.9625
2019-04-21 08:00:00,48.9625
2019-04-21 16:00:00,48.9625
2019-04-22 00:00:00,23.648
2019-04-22 08:00:00,23.648
2019-04-22 16:00:00,23.648
2019-04-23 00:00:00,48.6464
2019-04-23 08:00:00,48.6464
2019-04-23 16:00:00,48.6464
2019-04-24 00:00:00,32.3211
2019-04-24 08:00:00,32.3211
2019-04-24 16:00:00,32.3211
2019-04-25 00:00:00,45.3328
2019-04-25 08:00:00,45.3328
2019-04-25 16:00:00,45.3328
2019-04-26 00:00:00,35.3931
2019-04-26 08:00:00,35.3931
2019-04-26 16:00:00,35.3931
2019-04-27 00:00:00,34.9509
2019-04-27 08:00:00,34.9509
2019-04-27 16:00:00,34.9509
2019-04-28 00:00:00,41.4349
2019-04-28 08:00:00,41.4349
2019-04-28 16:00:00,41.4349
2019-04-29 00:00:00,40.4107
2019-04-29 08:00:00,40.4107
2019-04-29 16:00:00,40.4107
2019-04-30 00:00:00,53.9559
2019-04-30 08:00:00,53.9559
2019-04-30 16:00:00,53.9559
2019-05-01 00:00:00,31.8096
2019-05-01 08:00:00,31.8096
2019-05-01 16:00:00,31.8096
2019-05-02 00:00:00,31.5346
2019-05-02 08:00:00,31.5346
2019-05-02 16:00:00,31.5346
2019-05-03 00:00:00,37.2988
2019-05-03 08:00:00,37.2988
2019-05-03 16:00:00,37.2988
2019-05-04 00:00:00,32.6433
2019-05-04 08:00:00,32.6433
2019-05-04 16:00:00,32.6433
2019-05-05 00:00:00,31.5822
2019-05-05 08:00:00,31.5822
2019-05-05 16:00:00,31.5822
2019-05-06 00:00:00,45.3142
2019-05-06 08:00:00,45.3142
2019-05-06 16:00:00,45.3142
2019-05-07 00:00:00,28.1467
2019-05-07 08:00:00,28.1467
2019-05-07 16:00:00,28.1467
2019-05-08 00:00:00,27.5376
2019-05-08 08:00:00,27.5376
2019-05-08 16:00:00,27.5376
2019-05-09 00:00:00,40.4366
2019-05-09 08:00:00,40.4366
2019-05-09 16:00:00,40.4366
2019-05-10 00:00:00,43.1924
2019-05-10 08:00:00,43.1924
2019-05-10 16:00:00,43.1924
2019-05-11 00:00:00,37.9887
2019-05-11 08:00:00,37.9887
2019-05-11 16:00:00,37.9887
2019-05-12 00:00:00,26.1076
2019-05-12 08:00:00,26.1076
2019-05-12 16:00:00,26.1076
2019-05-13 00:00:00,38.5425
2019-05-13 08:00:00,38.5425
2019-05-13 16:00:00,38.5425
2019-05-14 00:00:00,31.8099
2019-05-14 08:00:00,31.8099
2019-05-14 16:00:00,31.8099
2019-05-15 00:00:00,29.7012
2019-05-15 08:00:00,29.7012
2019-05-15 16:00:00,29.7012
2019-05-16 00:00:00,26.1572
2019-05-16 08:00:00,26.1572
2019-05-16 16:00:00,26.1572
2019-05-17 00:00:00,41.1101
2019-05-17 08:00:00,41.1101
2019-05-17 16:00:00,41.1101
2019-05-18 00:00:00,43.3369
2019-05-18 08:00:00,43.3369
2019-05-18 16:00:00,43.3369
2019-05-19 00:00:00,29.4999
2019-05-19 08:00:00,29.4999
2019-05-19 16:00:00,29.4999
2019-05-20 00:00:00,42.0556
2019-05-20 08:00:00,42.0556
2019-05-20 16:00:00,42.0556
2019-05-21 00:00:00,37.2349
2019-05-21 08:00:00,37.2349
2019-05-21 16:00:00,37.2349
2019-05-22 00:00:00,30.0921
2019-05-22 08:00:00,30.0921
2019-05-22 16:00:00,30.0921
2019-05-23 00:00:00,24.0364
2019-05-23 08:00:00,24.0364
2019-05-23 16:00:00,24.0364
2019-05-24 00:00:00,41.6345
2019-05-24 08:00:00,41.6345
2019-05-24 16:00:00,41.6345
2019-05-25 00:00:00,31.1697
2019-05-25 08:00:00,31.1697
2019-05-25 16:00:00,31.1697
2019-05-26 00:00:00,45.8911
2019-05-26 08:00:00,45.8911
2019-05-26 16:00:00,45.8911
2019-05-27 00:00:00,22.4232
2019-05-27 08:00:00,22.4232
2019-05-27 16:00:00,22.4232
2019-05-28 00:00:00,43.3283
2019-05-28 08:00:00,43.3283
2019-05-28 16:00:00,43.3283
2019-05-29 00:00:00,29.3574
2019-05-29 08:00:00,29.3574
2019-05-29 16:00:00,29.3574
2019-05-30 00:00:00,44.6723
2019-05-30 08:00:00,44.6723
2019-05-30 16:00:00,44.6723
2019-05-31 00:00:00,28.4634
2019-05-31 08:00:00,28.4634
2019-05-31 16:00:00,28.4634
2019-06-01 00:00:00,47.5504
2019-06-01 08:00:00,47.5504
2019-06-01 16:00:00,47.5504
2019-06-02 00:00:00,34.2531
2019-06-02 08:00:00,34.2531
2019-06-02 16:00:00,34.2531
2019-06-03 00:00:00,41.3256
2019-06-03 08:00:00,41.3256
2019-06-03 16:00:00,41.3256
2019-06-04 00:00:00,40.5877
2019-06-04 08:00:00,40.5877
2019-06-04 16:00:00,40.5877
2019-06-05 00:00:00,41.8637
2019-06-05 08:00:00,41.8637
2019-06-05 16:00:00,41.8637
2019-06-06 00:00:00,28.2054
2019-06-06 08:00:00,28.2054
2019-06-06 16:00:00,28.2054
2019-06-07 00:00:00,39.9263
2019-06-07 08:00:00,39.9263
2019-06-07 16:00:00,39.9263
2019-06-08 00:00:00,41.1993
2019-06-08 08:00:00,41.1993
2019-06-08 16:00:00,41.1993
2019-06-09 00:00:00,35.0195
2019-06-09 08:00:00,35.0195
2019-06-09 16:00:00,35.0195
2019-06-10 00:00:00,31.2315
2019-06-10 08:00:00,31.2315
2019-06-10 16:00:00,31.2315
2019-06-11 00:00:00,42.1892
2019-06-11 08:00:00,42.1892
2019-06-11 16:00:00,42.1892
2019-06-12 00:00:00,39.9331
2019-06-12 08:00:00,39.9331
2019-06-12 16:00:00,39.9331
2019-06-13 00:00:00,71.0895
2019-06-13 08:00:00,71.0895
2019-06-13 16:00:00,71.0895
2019-06-14 00:00:00,57.8058
2019-06-14 08:00:00,57.8058
2019-06-14 16:00:00,57.8058
2019-06-15 00:00:00,86.75
2019-06-15 08:00:00,86.75
2019-06-15 16:00:00,86.75
2019-06-16 00:00:00,53.5666
2019-06-16 08:00:00,53.5666
2019-06-16 16:00:00,53.5666
2019-06-17 00:00:00,55.7364
2019-06-17 08:00:00,55.7364
2019-06-17 16:00:00,55.7364
2019-06-18 00:00:00,44.4262
2019-06-18 08:00:00,44.4262
2019-06-18 16:00:00,44.4262
2019-06-19 00:00:00,53.3646
2019-06-19 08:00:00,53.3646
2019-06-19 16:00:00,53.3646
2019-06-20 00:00:00,35.7466
2019-06-20 08:00:00,35.7466
2019-06-20 16:00:00,35.7466
2019-06-21 00:00:00,35.741
2019-06-21 08:00:00,35.741
2019-06-21 16:00:00,35.741
2019-06-22 00:00:00,42.9661
2019-06-22 08:00:00,42.9661
2019-06-22 16:00:00,42.9661
2019-06-23 00:00:00,74.8315
2019-06-23 08:00:00,74.8315
2019-06-23 16:00:00,74.8315
2019-06-24 00:00:00,52.9064
2019-06-24 08:00:00,52.9064
2019-06-24 16:00:00,52.9064
2019-06-25 00:00:00,66.4248
2019-06-25 08:00:00,66.4248
2019-06-25 16:00:00,66.4248
2019-06-26 00:00:00,76.255
2019-06-26 08:00:00,76.255
2019-06-26 16:00:00,76.255
2019-06-27 00:00:00,72.245
2019-06-27 08:00:00,72.245
2019-06-27 16:00:00,72.245
2019-06-28 00:00:00,66.3839
2019-06-28 08:00:00,66.3839
2019-06-28 16:00:00,66.3839
2019-06-29 00:00:00,57.6793
2019-06-29 08:00:00,57.6793
2019-06-29 16:00:00,57.6793
2019-06-30 00:00:00,61.3841
2019-06-30 08:00:00,61.3841
2019-06-30 16:00:00,61.3841
2019-07-01 00:00:00,59.2157
2019-07-01 08:00:00,59.2157
2019-07-01 16:00:00,59.2157
2019-07-02 00:00:00,55.8788
2019-07-02 08:00:00,55.8788
2019-07-02 16:00:00,55.8788
2019-07-03 00:00:00,67.8929
2019-07-03 08:00:00,67.8929
2019-07-03 16:00:00,67.8929
2019-07-04 00:00:00,75.6185
2019-07-04 08:00:00,75.6185
2019-07-04 16:00:00,75.6185
2019-07-05 00:00:00,54.2484
2019-07-05 08:00:00,54.2484
2019-07-05 16:00:00,54.2484
2019-07-06 00:00:00,71.2205
2019-07-06 08:00:00,71.2205
2019-07-06 16:00:00,71.2205
2019-07-07 00:00:00,55.7417
2019-07-07 08:00:00,55.7417
2019-07-07 16:00:00,55.7417
2019-07-08 00:00:00,58.9206
2019-07-08 08:00:00,58.9206
2019-07-08 16:00:00,58.9206
2019-07-09 00:00:00,55.8825
2019-07-09 08:00:00,55.8825
2019-07-09 16:00:00,55.8825
2019-07-10 00:00:00,70.9297
2019-07-10 08:00:00,70.9297
2019-07-10 16:00:00,70.9297
2019-07-11 00:00:00,52.9402
2019-07-11 08:00:00,52.9402
2019-07-11 16:00:00,52.9402
2019-07-12 00:00:00,71.0484
2019-07-12 08:00:00,71.0484
2019-07-12 16:00:00,71.0484
2019-07-13 00:00:00,51.8604
2019-07-13 08:00:00,51.8604
2019-07-13 16:00:00,51.8604
2019-07-14 00:00:00,68.3775
2019-07-14 08:00:00,68.3775
2019-07-14 16:00:00,68.3775
2019-07-15 00:00:00,67.4437
2019-07-15 08:00:00,67.4437
2019-07-15 16:00:00,67.4437
2019-07-16 00:00:00,63.4332
2019-07-16 08:00:00,63.4332
2019-07-16 16:00:00,63.4332
2019-07-17 00:00:00,62.8952
2019-07-17 08:00:00,62.8952
2019-07-17 16:00:00,62.8952
2019-07-18 00:00:00,78.1619
2019-07-18 08:00:00,78.1619
2019-07-18 16:00:00,78.1619
2019-07-19 00:00:00,77.918
2019-07-19 08:00:00,77.918
2019-07-19 16:00:00,77.918
2019-07-20 00:00:00,73.0195
2019-07-20 08:00:00,73.0195
2019-07-20 16:00:00,73.0195
2019-07-21 00:00:00,76.8174
2019-07-21 08:00:00,76.8174
2019-07-21 16:00:00,76.8174
2019-07-22 00:00:00,76.239
2019-07-22 08:00:00,76.239
2019-07-22 16:00:00,76.239
2019-07-23 00:00:00,67.1821
2019-07-23 08:00:00,67.1821
2019-07-23 16:00:00,67.1821
2019-07-24 00:00:00,70.0583
2019-07-24 08:00:00,70.0583
2019-07-24 16:00:00,70.0583
2019-07-25 00:00:00,67.1017
2019-07-25 08:00:00,67.1017
2019-07-25 16:00:00,67.1017
2019-07-26 00:00:00,85.1562
2019-07-26 08:00:00,85.1562
2019-07-26 16:00:00,85.1562
2019-07-27 00:00:00,71.5746
2019-07-27 08:00:00,71.5746
2019-07-27 16:00:00,71.5746
2019-07-28 00:00:00,69.5911
2019-07-28 08:00:00,69.5911
2019-07-28 16:00:00,69.5911
2019-07-29 00:00:00,60.3991
2019-07-29 08:00:00,60.3991
2019-07-29 16:00:00,60.3991
2019-07-30 00:00:00,78.6671
2019-07-30 08:00:00,78.6671
2019-07-30 16:00:00,78.6671
2019-07-31 00:00:00,83.2749
2019-07-31 08:00:00,83.2749
2019-07-31 16:00:00,83.2749
2019-08-01 00:00:00,63.7822
2019-08-01 08:00:00,63.7822
2019-08-01 16:00:00,63.7822
2019-08-02 00:00:00,68.4218
2019-08-02 08:00:00,68.4218
2019-08-02 16:00:00,68.4218
2019-08-03 00:00:00,69.4283
2019-08-03 08:00:00,69.4283
2019-08-03 16:00:00,69.4283
2019-08-04 00:00:00,75.4931
2019-08-04 08:00:00,75.4931
2019-08-04 16:00:00,75.4931
2019-08-05 00:00:00,80.4497
2019-08-05 08:00:00,80.4497
2019-08-05 16:00:00,80.4497
2019-08-06 00:00:00,77.9674
2019-08-06 08:00:00,77.9674
2019-08-06 16:00:00,77.9674
2019-08-07 00:00:00,87.487
2019-08-07 08:00:00,87.487
2019-08-07 16:00:00,87.487
2019-08-08 00:00:00,71.4676
2019-08-08 08:00:00,71.4676
2019-08-08 16:00:00,71.4676
2019-08-09 00:00:00,77.2709
2019-08-09 08:00:00,77.2709
2019-08-09 16:00:00,77.2709
2019-08-10 00:00:00,92.6773
2019-08-10 08:00:00,92.6773
2019-08-10 16:00:00,92.6773
2019-08-11 00:00:00,71.7818
2019-08-11 08:00:00,71.7818
2019-08-11 16:00:00,71.7818
2019-08-12 00:00:00,93.6804
2019-08-12 08:00:00,93.6804
2019-08-12 16:00:00,93.6804
2019-08-13 00:00:00,70.3205
2019-08-13 08:00:00,70.3205
2019-08-13 16:00:00,70.3205
2019-08-14 00:00:00,71.437
2019-08-14 08:00:00,71.437
2019-08-14 16:00:00,71.437
2019-08-15 00:00:00,68.6701
2019-08-15 08:00:00,68.6701
2019-08-15 16:00:00,68.6701
2019-08-16 00:00:00,67.7228
2019-08-16 08:00:00,67.7228
2019-08-16 16:00:00,67.7228
2019-08-17 00:00:00,77.2479
2019-08-17 08:00:00,77.2479
2019-08-17 16:00:00,77.2479
2019-08-18 00:00:00,69.3681
2019-08-18 08:00:00,69.3681
2019-08-18 16:00:00,69.3681
2019-08-19 00:00:00,72.2955
2019-08-19 08:00:00,72.2955
2019-08-19 16:00:00,72.2955
2019-08-20 00:00:00,48.8995
2019-08-20 08:00:00,48.8995
2019-08-20 16:00:00,48.8995
2019-08-21 00:00:00,46.701
2019-08-21 08:00:00,46.701
2019-08-21 16:00:00,46.701
2019-08-22 00:00:00,85.1024
2019-08-22 08:00:00,85.1024
2019-08-22 16:00:00,85.1024
2019-08-23 00:00:00,68.3122
2019-08-23 08:00:00,68.3122
2019-08-23 16:00:00,68.3122
2019-08-24 00:00:00,21.8277
2019-08-24 08:00:00,21.8277
2019-08-24 16:00:00,21.8277
2019-08-25 00:00:00,41.5683
2019-08-25 08:00:00,41.5683
2019-08-25 16:00:00,41.5683
2019-08-26 00:00:00,67.9682
2019-08-26 08:00:00,67.9682
2019-08-26 16:00:00,67.9682
2019-08-27 00:00:00,75.379
2019-08-27 08:00:00,75.379
2019-08-27 16:00:00,75.379
2019-08-28 00:00:00,70.9157
2019-08-28 08:00:00,70.9157
2019-08-28 16:00:00,70.9157
2019-08-29 00:00:00,67.8586
2019-08-29 08:00:00,67.8586
2019-08-29 16:00:00,67.8586
2019-08-30 00:00:00,58.5938
2019-08-30 08:00:00,58.5938
2019-08-30 16:00:00,58.5938
2019-08-31 00:00:00,53.5122
2019-08-31 08:00:00,53.5122
2019-08-31 16:00:00,53.5122
2019-09-01 00:00:00,57.0449
2019-09-01 08:00:00,57.0449
2019-09-01 16:00:00,57.0449
2019-09-02 00:00:00,53.9842
2019-09-02 08:00:00,53.9842
2019-09-02 16:00:00,53.9842
2019-09-03 00:00:00,53.0273
2019-09-03 08:00:00,53.0273
2019-09-03 16:00:00,53.0273
2019-09-04 00:00:00,54.7302
2019-09-04 08:00:00,54.7302
2019-09-04 16:00:00,54.7302
2019-09-05 00:00:00,64.4481
2019-09-05 08:00:00,64.4481
2019-09-05 16:00:00,64.4481
2019-09-06 00:00:00,44.1495
2019-09-06 08:00:00,44.1495
2019-09-06 16:00:00,44.1495
2019-09-07 00:00:00,46.4793
2019-09-07 08:00:00,46.4793
2019-09-07 16:00:00,46.4793
2019-09-08 00:00:00,70.1971
2019-09-08 08:00:00,70.1971
2019-09-08 16:00:00,70.1971
2019-09-09 00:00:00,63.0526
2019-09-09 08:00:00,63.0526
2019-09-09 16:00:00,63.0526
2019-09-10 00:00:00,60.7142
2019-09-10 08:00:00,60.7142
2019-09-10 16:00:00,60.7142
2019-09-11 00:00:00,54.9758
2019-09-11 08:00:00,54.9758
2019-09-11 16:00:00,54.9758
2019-09-12 00:00:00,48.1173
2019-09-12 08:00:00,48.1173
2019-09-12 16:00:00,48.1173
2019-09-13 00:00:00,74.8852
2019-09-13 08:00:00,74.8852
2019-09-13 16:00:00,74.8852
2019-09-14 00:00:00,60.9892
2019-09-14 08:00:00,60.9892
2019-09-14 16:00:00,60.9892
2019-09-15 00:00:00,56.5114
2019-09-15 08:00:00,56.5114
2019-09-15 16:00:00,56.5114
2019-09-16 00:00:00,56.3694
2019-09-16 08:00:00,56.3694
2019-09-16 16:00:00,56.3694
2019-09-17 00:00:00,62.5552
2019-09-17 08:00:00,62.5552
2019-09-17 16:00:00,62.5552
2019-09-18 00:00:00,81.8489
2019-09-18 08:00:00,81.8489
2019-09-18 16:00:00,81.8489
2019-09-19 00:00:00,56.8864
2019-09-19 08:00:00,56.8864
2019-09-19 16:00:00,56.8864
2019-09-20 00:00:00,54.3133
2019-09-20 08:00:00,54.3133
2019-09-20 16:00:00,54.3133
2019-09-21 00:00:00,59.5798
2019-09-21 08:00:00,59.5798
2019-09-21 16:00:00,59.5798
2019-09-22 00:00:00,54.5939
2019-09-22 08:00:00,54.5939
2019-09-22 16:00:00,54.5939
2019-09-23 00:00:00,67.072
2019-09-23 08:00:00,67.072
2019-09-23 16:00:00,67.072
2019-09-24 00:00:00,72.2598
2019-09-24 08:00:00,72.2598
2019-09-24 16:00:00,72.2598
2019-09-25 00:00:00,57.6212
2019-09-25 08:00:00,57.6212
2019-09-25 16:00:00,57.6212
2019-09-26 00:00:00,44.5357
2019-09-26 08:00:00,44.5357
2019-09-26 16:00:00,44.5357
2019-09-27 00:00:00,26.3345
2019-09-27 08:00:00,26.3345
2019-09-27 16:00:00,26.3345
2019-09-28 00:00:00,54.5552
2019-09-28 08:00:00,54.5552
2019-09-28 16:00:00,54.5552
2019-09-29 00:00:00,46.145
2019-09-29 08:00:00,46.145
2019-09-29 16:00:00,46.145
2019-09-30 00:00:00,59.9788
2019-09-30 08:00:00,59.9788
2019-09-30 16:00:00,59.9788
2019-10-01 00:00:00,39.8328
2019-10-01 08:00:00,39.8328
2019-10-01 16:00:00,39.8328
2019-10-02 00:00:00,59.9562
2019-10-02 08:00:00,59.9562
2019-10-02 16:00:00,59.9562
2019-10-03 00:00:00,63.432
2019-10-03 08:00:00,63.432
2019-10-03 16:00:00,63.432
2019-10-04 00:00:00,59.9881
2019-10-04 08:00:00,59.9881
2019-10-04 16:00:00,59.9881
2019-10-05 00:00:00,47.5271
2019-10-05 08:00:00,47.5271
2019-10-05 16:00:00,47.5271
2019-10-06 00:00:00,63.7538
2019-10-06 08:00:00,63.7538
2019-10-06 16:00:00,63.7538
2019-10-07 00:00:00,79.7824
2019-10-07 08:00:00,79.7824
2019-10-07 16:00:00,79.7824
2019-10-08 00:00:00,82.1953
2019-10-08 08:00:00,82.1953
2019-10-08 16:00:00,82.1953
2019-10-09 00:00:00,57.6789
2019-10-09 08:00:00,57.6789
2019-10-09 16:00:00,57.6789
2019-10-10 00:00:00,59.8622
2019-10-10 08:00:00,59.8622
2019-10-10 16:00:00,59.8622
2019-10-11 00:00:00,70.1524
2019-10-11 08:00:00,70.1524
2019-10-11 16:00:00,70.1524
2019-10-12 00:00:00,76.3738
2019-10-12 08:00:00,76.3738
2019-10-12 16:00:00,76.3738
2019-10-13 00:00:00,61.991
2019-10-13 08:00:00,61.991
2019-10-13 16:00:00,61.991
2019-10-14 00:00:00,63.3065
2019-10-14 08:00:00,63.3065
2019-10-14 16:00:00,63.3065
2019-10-15 00:00:00,74.1075
2019-10-15 08:00:00,74.1075
2019-10-15 16:00:00,74.1075
2019-10-16 00:00:00,65.9569
2019-10-16 08:00:00,65.9569
2019-10-16 16:00:00,65.9569
2019-10-17 00:00:00,62.8861
2019-10-17 08:00:00,62.8861
2019-10-17 16:00:00,62.8861
2019-10-18 00:00:00,65.856
2019-10-18 08:00:00,65.856
2019-10-18 16:00:00,65.856
2019-10-19 00:00:00,55.5484
2019-10-19 08:00:00,55.5484
2019-10-19 16:00:00,55.5484
2019-10-20 00:00:00,65.7062
2019-10-20 08:00:00,65.7062
2019-10-20 16:00:00,65.7062
2019-10-21 00:00:00,64.5084
2019-10-21 08:00:00,64.5084
2019-10-21 16:00:00,64.5084
2019-10-22 00:00:00,62.0814
2019-10-22 08:00:00,62.0814
2019-10-22 16:00:00,62.0814
2019-10-23 00:00:00,68.0821
2019-10-23 08:00:00,68.0821
2019-10-23 16:00:00,68.0821
2019-10-24 00:00:00,60.4872
2019-10-24 08:00:00,60.4872
2019-10-24 16:00:00,60.4872
2019-10-25 00:00:00,64.1148
2019-10-25 08:00:00,64.1148
2019-10-25 16:00:00,64.1148
2019-10-26 00:00:00,79.6946
2019-10-26 08:00:00,79.6946
2019-10-26 16:00:00,79.6946
2019-10-27 00:00:00,53.6742
2019-10-27 08:00:00,53.6742
2019-10-27 16:00:00,53.6742
2019-10-28 00:00:00,65.9975
2019-10-28 08:00:00,65.9975
2019-10-28 16:00:00,65.9975
2019-10-29 00:00:00,64.1922
2019-10-29 08:00:00,64.1922
2019-10-29 16:00:00,64.1922
2019-10-30 00:00:00,66.1657
2019-10-30 08:00:00,66.1657
2019-10-30 16:00:00,66.1657
2019-10-31 00:00:00,47.1887
2019-10-31 08:00:00,47.1887
2019-10-31 16:00:00,47.1887
2019-11-01 00:00:00,56.1464
2019-11-01 08:00:00,56.1464
2019-11-01 16:00:00,56.1464
2019-11-02 00:00:00,59.6737
2019-11-02 08:00:00,59.6737
2019-11-02 16:00:00,59.6737
2019-11-03 00:00:00,70.1646
2019-11-03 08:00:00,70.1646
2019-11-03 16:00:00,70.1646
2019-11-04 00:00:00,68.9129
2019-11-04 08:00:00,68.9129
2019-11-04 16:00:00,68.9129
2019-11-05 00:00:00,52.016
2019-11-05 08:00:00,52.016
2019-11-05 16:00:00,52.016
2019-11-06 00:00:00,77.9211
2019-11-06 08:00:00,77.9211
2019-11-06 16:00:00,77.9211
2019-11-07 00:00:00,75.4141
2019-11-07 08:00:00,75.4141
2019-11-07 16:00:00,75.4141
2019-11-08 00:00:00,86.4644
2019-11-08 08:00:00,86.4644
2019-11-08 16:00:00,86.4644
2019-11-09 00:00:00,73.9784
2019-11-09 08:00:00,73.9784
2019-11-09 16:00:00,73.9784
2019-11-10 00:00:00,80.9323
2019-11-10 08:00:00,80.9323
2019-11-10 16:00:00,80.9323
2019-11-11 00:00:00,61.7416
2019-11-11 08:00:00,61.7416
2019-11-11 16:00:00,61.7416
2019-11-12 00:00:00,58.794
2019-11-12 08:00:00,58.794
2019-11-12 16:00:00,58.794
2019-11-13 00:00:00,52.428
2019-11-13 08:00:00,52.428
2019-11-13 16:00:00,52.428
2019-11-14 00:00:00,70.0093
2019-11-14 08:00:00,70.0093
2019-11-14 16:00:00,70.0093
2019-11-15 00:00:00,41.4673
2019-11-15 08:00:00,41.4673
2019-11-15 16:00:00,41.4673
2019-11-16 00:00:00,62.4791
2019-11-16 08:00:00,62.4791
2019-11-16 16:00:00,62.4791
2019-11-17 00:00:00,54.2807
2019-11-17 08:00:00,54.2807
2019-11-17 16:00:00,54.2807
2019-11-18 00:00:00,60.729
2019-11-18 08:00:00,60.729
2019-11-18 16:00:00,60.729
2019-11-19 00:00:00,59.4948
2019-11-19 08:00:00,59.4948
2019-11-19 16:00:00,59.4948
2019-11-20 00:00:00,64.8036
2019-11-20 08:00:00,64.8036
2019-11-20 16:00:00,64.8036
2019-11-21 00:00:00,70.973
2019-11-21 08:00:00,70.973
2019-11-21 16:00:00,70.973
2019-11-22 00:00:00,72.6551
2019-11-22 08:00:00,72.6551
2019-11-22 16:00:00,72.6551
2019-11-23 00:00:00,68.5655
2019-11-23 08:00:00,68.5655
2019-11-23 16:00:00,68.5655
2019-11-24 00:00:00,54.0552
2019-11-24 08:00:00,54.0552
2019-11-24 16:00:00,54.0552
2019-11-25 00:00:00,73.5798
2019-11-25 08:00:00,73.5798
2019-11-25 16:00:00,73.5798
2019-11-26 00:00:00,65.1085
2019-11-26 08:00:00,65.1085
2019-11-26 16:00:00,65.1085
2019-11-27 00:00:00,60.6117
2019-11-27 08:00:00,60.6117
2019-11-27 16:00:00,60.6117
2019-11-28 00:00:00,49.6473
2019-11-28 08:00:00,49.6473
2019-11-28 16:00:00,49.6473
2019-11-29 00:00:00,67.7291
2019-11-29 08:00:00,67.7291
2019-11-29 16:00:00,67.7291
2019-11-30 00:00:00,50.0315
2019-11-30 08:00:00,50.0315
2019-11-30 16:00:00,50.0315
2019-12-01 00:00:00,77.0384
2019-12-01 08:00:00,77.0384
2019-12-01 16:00:00,77.0384
2019-12-02 00:00:00,70.8249
2019-12-02 08:00:00,70.8249
2019-12-02 16:00:00,70.8249
2019-12-03 00:00:00,76.6131
2019-12-03 08:00:00,76.6131
2019-12-03 16:00:00,76.6131
2019-12-04 00:00:00,62.4331
2019-12-04 08:00:00,62.4331
2019-12-04 16:00:00,62.4331
2019-12-05 00:00:00,74.782
2019-12-05 08:00:00,74.782
2019-12-05 16:00:00,74.782
2019-12-06 00:00:00,59.7264
2019-12-06 08:00:00,59.7264
2019-12-06 16:00:00,59.7264
2019-12-07 00:00:00,67.3926
2019-12-07 08:00:00,67.3926
2019-12-07 16:00:00,67.3926
2019-12-08 00:00:00,65.3513
2019-12-08 08:00:00,65.3513
2019-12-08 16:00:00,65.3513
2019-12-09 00:00:00,79.8421
2019-12-09 08:00:00,79.8421
2019-12-09 16:00:00,79.8421
2019-12-10 00:00:00,77.3289
2019-12-10 08:00:00,77.3289
2019-12-10 16:00:00,77.3289
2019-12-11 00:00:00,91.5878
2019-12-11 08:00:00,91.5878
2019-12-11 16:00:00,91.5878
2019-12-12 00:00:00,74.5496
2019-12-12 08:00:00,74.5496
2019-12-12 16:00:00,74.5496
2019-12-13 00:00:00,78.6615
2019-12-13 08:00:00,78.6615
2019-12-13 16:00:00,78.6615
2019-12-14 00:00:00,69.05
2019-12-14 08:00:00,69.05
2019-12-14 16:00:00,69.05
2019-12-15 00:00:00,73.9549
2019-12-15 08:00:00,73.9549
2019-12-15 16:00:00,73.9549
2019-12-16 00:00:00,63.1406
2019-12-16 08:00:00,63.1406
2019-12-16 16:00:00,63.1406
2019-12-17 00:00:00,81.7818
2019-12-17 08:00:00,81.7818
2019-12-17 16:00:00,81.7818
2019-12-18 00:00:00,79.5498
2019-12-18 08:00:00,79.5498
2019-12-18 16:00:00,79.5498
2019-12-19 00:00:00,97.9176
2019-12-19 08:00:00,97.9176
2019-12-19 16:00:00,97.9176
2019-12-20 00:00:00,83.6708
2019-12-20 08:00:00,83.6708
2019-12-20 16:00:00,83.6708
2019-12-21 00:00:00,76.1194
2019-12-21 08:00:00,76.1194
2019-12-21 16:00:00,76.1194
2019-12-22 00:00:00,73.6675
2019-12-22 08:00:00,73.6675
2019-12-22 16:00:00,73.6675
2019-12-23 00:00:00,71.7789
2019-12-23 08:00:00,71.7789
2019-12-23 16:00:00,71.7789
2019-12-24 00:00:00,75.2146
2019-12-24 08:00:00,75.2146
2019-12-24 16:00:00,75.2146
2019-12-25 00:00:00,78.6242
2019-12-25 08:00:00,78.6242
2019-12-25 16:00:00,78.6242
2019-12-26 00:00:00,71.8093
2019-12-26 08:00:00,71.8093
2019-12-26 16:00:00,71.8093
2019-12-27 00:00:00,62.3347
2019-12-27 08:00:00,62.3347
2019-12-27 16:00:00,62.3347
2019-12-28 00:00:00,68.2346
2019-12-28 08:00:00,68.2346
2019-12-28 16:00:00,68.2346
2019-12-29 00:00:00,77.891
2019-12-29 08:00:00,77.891
2019-12-29 16:00:00,77.891
2019-12-30 00:00:00,61.3687
2019-12-30 08:00:00,61.3687
2019-12-30 16:00:00,61.3687
2019-12-31 00:00:00,84.1565
2019-12-31 08:00:00,84.1565
2019-12-31 16:00:00,84.1565
2020-01-01 00:00:00,77.2295
2020-01-01 08:00:00,77.2295
2020-01-01 16:00:00,77.2295
2020-01-02 00:00:00,90.9275
2020-01-02 08:00:00,90.9275
2020-01-02 16:00:00,90.9275
2020-01-03 00:00:00,83.547
2020-01-03 08:00:00,83.547
2020-01-03 16:00:00,83.547
2020-01-04 00:00:00,83.6372
2020-01-04 08:00:00,83.6372
2020-01-04 16:00:00,83.6372
2020-01-05 00:00:00,80.9931
2020-01-05 08:00:00,80.9931
2020-01-05 16:00:00,80.9931
2020-01-06 00:00:00,81.5603
2020-01-06 08:00:00,81.5603
2020-01-06 16:00:00,81.5603
2020-01-07 00:00:00,88.2647
2020-01-07 08:00:00,88.2647
2020-01-07 16:00:00,88.2647
2020-01-08 00:00:00,78.254
2020-01-08 08:00:00,78.254
2020-01-08 16:00:00,78.254
2020-01-09 00:00:00,90.2898
2020-01-09 08:00:00,90.2898
2020-01-09 16:00:00,90.2898
2020-01-10 00:00:00,79.084
2020-01-10 08:00:00,79.084
2020-01-10 16:00:00,79.084
2020-01-11 00:00:00,80.8744
2020-01-11 08:00:00,80.8744
2020-01-11 16:00:00,80.8744
2020-01-12 00:00:00,86.1026
2020-01-12 08:00:00,86.1026
2020-01-12 16:00:00,86.1026
2020-01-13 00:00:00,92.8458
2020-01-13 08:00:00,92.8458
2020-01-13 16:00:00,92.8458
2020-01-14 00:00:00,74.8018
2020-01-14 08:00:00,74.8018
2020-01-14 16:00:00,74.8018
2020-01-15 00:00:00,89.1629
2020-01-15 08:00:00,89.1629
2020-01-15 16:00:00,89.1629
2020-01-16 00:00:00,79.5268
2020-01-16 08:00:00,79.5268
2020-01-16 16:00:00,79.5268
2020-01-17 00:00:00,75.45
2020-01-17 08:00:00,75.45
2020-01-17 16:00:00,75.45
2020-01-18 00:00:00,89.902
2020-01-18 08:00:00,89.902
2020-01-18 16:00:00,89.902
2020-01-19 00:00:00,84.5019
2020-01-19 08:00:00,84.5019
2020-01-19 16:00:00,84.5019
2020-01-20 00:00:00,77.467
2020-01-20 08:00:00,77.467
2020-01-20 16:00:00,77.467
2020-01-21 00:00:00,83.191
2020-01-21 08:00:00,83.191
2020-01-21 16:00:00,83.191
2020-01-22 00:00:00,77.2671
2020-01-22 08:00:00,77.2671
2020-01-22 16:00:00,77.2671
2020-01-23 00:00:00,81.5828
2020-01-23 08:00:00,81.5828
2020-01-23 16:00:00,81.5828
2020-01-24 00:00:00,70.6093
2020-01-24 08:00:00,70.6093
2020-01-24 16:00:00,70.6093
2020-01-25 00:00:00,90.511
2020-01-25 08:00:00,90.511
2020-01-25 16:00:00,90.511
2020-01-26 00:00:00,93.7984
2020-01-26 08:00:00,93.7984
2020-01-26 16:00:00,93.7984
2020-01-27 00:00:00,93.788
2020-01-27 08:00:00,93.788
2020-01-27 16:00:00,93.788
2020-01-28 00:00:00,78.4752
2020-01-28 08:00:00,78.4752
2020-01-28 16:00:00,78.4752
2020-01-29 00:00:00,75.293
2020-01-29 08:00:00,75.293
2020-01-29 16:00:00,75.293
2020-01-30 00:00:00,96.3345
2020-01-30 08:00:00,96.3345
2020-01-30 16:00:00,96.3345
2020-01-31 00:00:00,78.0209
2020-01-31 08:00:00,78.0209
2020-01-31 16:00:00,78.0209
2020-02-01 00:00:00,85.0838
2020-02-01 08:00:00,85.0838
2020-02-01 16:00:00,85.0838
2020-02-02 00:00:00,90.8428
2020-02-02 08:00:00,90.8428
2020-02-02 16:00:00,90.8428
2020-02-03 00:00:00,58.1303
2020-02-03 08:00:00,58.1303
2020-02-03 16:00:00,58.1303
2020-02-04 00:00:00,60.8221
2020-02-04 08:00:00,60.8221
2020-02-04 16:00:00,60.8221
2020-02-05 00:00:00,75.034
2020-02-05 08:00:00,75.034
2020-02-05 16:00:00,75.034
2020-02-06 00:00:00,67.8157
2020-02-06 08:00:00,67.8157
2020-02-06 16:00:00,67.8157
2020-02-07 00:00:00,73.3125
2020-02-07 08:00:00,73.3125
2020-02-07 16:00:00,73.3125
2020-02-08 00:00:00,77.7268
2020-02-08 08:00:00,77.7268
2020-02-08 16:00:00,77.7268
2020-02-09 00:00:00,65.2131
2020-02-09 08:00:00,65.2131
2020-02-09 16:00:00,65.2131
2020-02-10 00:00:00,81.9492
2020-02-10 08:00:00,81.9492
2020-02-10 16:00:00,81.9492
2020-02-11 00:00:00,61.5729
2020-02-11 08:00:00,61.5729
2020-02-11 16:00:00,61.5729
2020-02-12 00:00:00,44.8608
2020-02-12 08:00:00,44.8608
2020-02-12 16:00:00,44.8608
2020-02-13 00:00:00,68.2037
2020-02-13 08:00:00,68.2037
2020-02-13 16:00:00,68.2037
2020-02-14 00:00:00,68.5481
2020-02-14 08:00:00,68.5481
2020-02-14 16:00:00,68.5481
2020-02-15 00:00:00,60.7623
2020-02-15 08:00:00,60.7623
2020-02-15 16:00:00,60.7623
2020-02-16 00:00:00,59.1926
2020-02-16 08:00:00,59.1926
2020-02-16 16:00:00,59.1926
2020-02-17 00:00:00,61.2507
2020-02-17 08:00:00,61.2507
2020-02-17 16:00:00,61.2507
2020-02-18 00:00:00,73.9623
2020-02-18 08:00:00,73.9623
2020-02-18 16:00:00,73.9623
2020-02-19 00:00:00,68.6097
2020-02-19 08:00:00,68.6097
2020-02-19 16:00:00,68.6097
2020-02-20 00:00:00,61.4864
2020-02-20 08:00:00,61.4864
2020-02-20 16:00:00,61.4864
2020-02-21 00:00:00,71.4643
2020-02-21 08:00:00,71.4643
2020-02-21 16:00:00,71.4643
2020-02-22 00:00:00,61.8763
2020-02-22 08:00:00,61.8763
2020-02-22 16:00:00,61.8763
2020-02-23 00:00:00,69.7019
2020-02-23 08:00:00,69.7019
2020-02-23 16:00:00,69.7019
2020-02-24 00:00:00,58.3632
2020-02-24 08:00:00,58.3632
2020-02-24 16:00:00,58.3632
2020-02-25 00:00:00,85.1481
2020-02-25 08:00:00,85.1481
2020-02-25 16:00:00,85.1481
2020-02-26 00:00:00,75.7351
2020-02-26 08:00:00,75.7351
2020-02-26 16:00:00,75.7351
2020-02-27 00:00:00,68.6611
2020-02-27 08:00:00,68.6611
2020-02-27 16:00:00,68.6611
2020-02-28 00:00:00,73.5769
2020-02-28 08:00:00,73.5769
2020-02-28 16:00:00,73.5769
2020-02-29 00:00:00,57.21
2020-02-29 08:00:00,57.21
2020-02-29 16:00:00,57.21
2020-03-01 00:00:00,57.2713
2020-03-01 08:00:00,57.2713
2020-03-01 16:00:00,57.2713
2020-03-02 00:00:00,77.4079
2020-03-02 08:00:00,77.4079
2020-03-02 16:00:00,77.4079
2020-03-03 00:00:00,45.8585
2020-03-03 08:00:00,45.8585
2020-03-03 16:00:00,45.8585
2020-03-04 00:00:00,56.063
2020-03-04 08:00:00,56.063
2020-03-04 16:00:00,56.063
2020-03-05 00:00:00,65.8192
2020-03-05 08:00:00,65.8192
2020-03-05 16:00:00,65.8192
2020-03-06 00:00:00,79.1224
2020-03-06 08:00:00,79.1224
2020-03-06 16:00:00,79.1224
2020-03-07 00:00:00,24.5508
2020-03-07 08:00:00,24.5508
2020-03-07 16:00:00,24.5508
2020-03-08 00:00:00,75.824
2020-03-08 08:00:00,75.824
2020-03-08 16:00:00,75.824
2020-03-09 00:00:00,52.7346
2020-03-09 08:00:00,52.7346
2020-03-09 16:00:00,52.7346
2020-03-10 00:00:00,53.505
2020-03-10 08:00:00,53.505
2020-03-10 16:00:00,53.505
2020-03-11 00:00:00,63.0555
2020-03-11 08:00:00,63.0555
2020-03-11 16:00:00,63.0555
2020-03-12 00:00:00,49.6412
2020-03-12 08:00:00,49.6412
2020-03-12 16:00:00,49.6412
2020-03-13 00:00:00,66.8659
2020-03-13 08:00:00,66.8659
2020-03-13 16:00:00,66.8659
2020-03-14 00:00:00,64.0191
2020-03-14 08:00:00,64.0191
2020-03-14 16:00:00,64.0191
2020-03-15 00:00:00,61.9083
2020-03-15 08:00:00,61.9083
2020-03-15 16:00:00,61.9083
2020-03-16 00:00:00,62.6682
2020-03-16 08:00:00,62.6682
2020-03-16 16:00:00,62.6682
2020-03-17 00:00:00,61.9344
2020-03-17 08:00:00,61.9344
2020-03-17 16:00:00,61.9344
2020-03-18 00:00:00,56.754
2020-03-18 08:00:00,56.754
2020-03-18 16:00:00,56.754
2020-03-19 00:00:00,62.2479
2020-03-19 08:00:00,62.2479
2020-03-19 16:00:00,62.2479
2020-03-20 00:00:00,70.0217
2020-03-20 08:00:00,70.0217
2020-03-20 16:00:00,70.0217
2020-03-21 00:00:00,58.2635
2020-03-21 08:00:00,58.2635
2020-03-21 16:00:00,58.2635
2020-03-22 00:00:00,74.9592
2020-03-22 08:00:00,74.9592
2020-03-22 16:00:00,74.9592
2020-03-23 00:00:00,43.9533
2020-03-23 08:00:00,43.9533
2020-03-23 16:00:00,43.9533
2020-03-24 00:00:00,54.0959
2020-03-24 08:00:00,54.0959
2020-03-24 16:00:00,54.0959
2020-03-25 00:00:00,60.7452
2020-03-25 08:00:00,60.7452
2020-03-25 16:00:00,60.7452
2020-03-26 00:00:00,48.0957
2020-03-26 08:00:00,48.0957
2020-03-26 16:00:00,48.0957
2020-03-27 00:00:00,42.8661
2020-03-27 08:00:00,42.8661
2020-03-27 16:00:00,42.8661
2020-03-28 00:00:00,46.0869
2020-03-28 08:00:00,46.0869
2020-03-28 16:00:00,46.0869
2020-03-29 00:00:00,73.3379
2020-03-29 08:00:00,73.3379
2020-03-29 16:00:00,73.3379
2020-03-30 00:00:00,59.5497
2020-03-30 08:00:00,59.5497
2020-03-30 16:00:00,59.5497
2020-03-31 00:00:00,56.9421
2020-03-31 08:00:00,56.9421
2020-03-31 16:00:00,56.9421
2020-04-01 00:00:00,61.4429
2020-04-01 08:00:00,61.4429
2020-04-01 16:00:00,61.4429
2020-04-02 00:00:00,65.5373
2020-04-02 08:00:00,65.5373
2020-04-02 16:00:00,65.5373
2020-04-03 00:00:00,50.2156
2020-04-03 08:00:00,50.2156
2020-04-03 16:00:00,50.2156
2020-04-04 00:00:00,43.9141
2020-04-04 08:00:00,43.9141
2020-04-04 16:00:00,43.9141
2020-04-05 00:00:00,70.8838
2020-04-05 08:00:00,70.8838
2020-04-05 16:00:00,70.8838
2020-04-06 00:00:00,63.8632
2020-04-06 08:00:00,63.8632
2020-04-06 16:00:00,63.8632
2020-04-07 00:00:00,35.9194
2020-04-07 08:00:00,35.9194
2020-04-07 16:00:00,35.9194
2020-04-08 00:00:00,38.0887
2020-04-08 08:00:00,38.0887
2020-04-08 16:00:00,38.0887
2020-04-09 00:00:00,53.2599
2020-04-09 08:00:00,53.2599
2020-04-09 16:00:00,53.2599
2020-04-10 00:00:00,52.5775
2020-04-10 08:00:00,52.5775
2020-04-10 16:00:00,52.5775
2020-04-11 00:00:00,20.9071
2020-04-11 08:00:00,20.9071
2020-04-11 16:00:00,20.9071
2020-04-12 00:00:00,64.3364
2020-04-12 08:00:00,64.3364
2020-04-12 16:00:00,64.3364
2020-04-13 00:00:00,65.5659
2020-04-13 08:00:00,65.5659
2020-04-13 16:00:00,65.5659
2020-04-14 00:00:00,26.2648
2020-04-14 08:00:00,26.2648
2020-04-14 16:00:00,26.2648
2020-04-15 00:00:00,44.9391
2020-04-15 08:00:00,44.9391
2020-04-15 16:00:00,44.9391
2020-04-16 00:00:00,54.3668
2020-04-16 08:00:00,54.3668
2020-04-16 16:00:00,54.3668
2020-04-17 00:00:00,27.7133
2020-04-17 08:00:00,27.7133
2020-04-17 16:00:00,27.7133
2020-04-18 00:00:00,28.48
2020-04-18 08:00:00,28.48
2020-04-18 16:00:00,28.48
2020-04-19 00:00:00,23.1018
2020-04-19 08:00:00,23.1018
2020-04-19 16:00:00,23.1018
2020-04-20 00:00:00,38.2092
2020-04-20 08:00:00,38.2092
2020-04-20 16:00:00,38.2092
2020-04-21 00:00:00,34.3632
2020-04-21 08:00:00,34.3632
2020-04-21 16:00:00,34.3632
2020-04-22 00:00:00,52.2167
2020-04-22 08:00:00,52.2167
2020-04-22 16:00:00,52.2167
2020-04-23 00:00:00,21.8022
2020-04-23 08:00:00,21.8022
2020-04-23 16:00:00,21.8022
2020-04-24 00:00:00,42.7559
2020-04-24 08:00:00,42.7559
2020-04-24 16:00:00,42.7559
2020-04-25 00:00:00,48.35
2020-04-25 08:00:00,48.35
2020-04-25 16:00:00,48.35
2020-04-26 00:00:00,9.251
2020-04-26 08:00:00,9.251
2020-04-26 16:00:00,9.251
2020-04-27 00:00:00,31.5146
2020-04-27 08:00:00,31.5146
2020-04-27 16:00:00,31.5146
2020-04-28 00:00:00,41.1201
2020-04-28 08:00:00,41.1201
2020-04-28 16:00:00,41.1201
2020-04-29 00:00:00,45.6691
2020-04-29 08:00:00,45.6691
2020-04-29 16:00:00,45.6691
2020-04-30 00:00:00,33.0636
2020-04-30 08:00:00,33.0636
2020-04-30 16:00:00,33.0636
2020-05-01 00:00:00,27.9535
2020-05-01 08:00:00,27.9535
2020-05-01 16:00:00,27.9535
2020-05-02 00:00:00,50.1464
2020-05-02 08:00:00,50.1464
2020-05-02 16:00:00,50.1464
2020-05-03 00:00:00,30.5276
2020-05-03 08:00:00,30.5276
2020-05-03 16:00:00,30.5276
2020-05-04 00:00:00,40.2172
2020-05-04 08:00:00,40.2172
2020-05-04 16:00:00,40.2172
2020-05-05 00:00:00,43.2788
2020-05-05 08:00:00,43.2788
2020-05-05 16:00:00,43.2788
2020-05-06 00:00:00,39.4749
2020-05-06 08:00:00,39.4749
2020-05-06 16:00:00,39.4749
2020-05-07 00:00:00,34.0008
2020-05-07 08:00:00,34.0008
2020-05-07 16:00:00,34.0008
2020-05-08 00:00:00,25.1994
2020-05-08 08:00:00,25.1994
2020-05-08 16:00:00,25.1994
2020-05-09 00:00:00,25.4521
2020-05-09 08:00:00,25.4521
2020-05-09 16:00:00,25.4521
2020-05-10 00:00:00,35.794
2020-05-10 08:00:00,35.794
2020-05-10 16:00:00,35.794
2020-05-11 00:00:00,12.9717
2020-05-11 08:00:00,12.9717
2020-05-11 16:00:00,12.9717
2020-05-12 00:00:00,32.0232
2020-05-12 08:00:00,32.0232
2020-05-12 16:00:00,32.0232
2020-05-13 00:00:00,35.3012
2020-05-13 08:00:00,35.3012
2020-05-13 16:00:00,35.3012
2020-05-14 00:00:00,61.8962
2020-05-14 08:00:00,61.8962
2020-05-14 16:00:00,61.8962
2020-05-15 00:00:00,39.7464
2020-05-15 08:00:00,39.7464
2020-05-15 16:00:00,39.7464
2020-05-16 00:00:00,27.1981
2020-05-16 08:00:00,27.1981
2020-05-16 16:00:00,27.1981
2020-05-17 00:00:00,25.9987
2020-05-17 08:00:00,25.9987
2020-05-17 16:00:00,25.9987
2020-05-18 00:00:00,20.4244
2020-05-18 08:00:00,20.4244
2020-05-18 16:00:00,20.4244
2020-05-19 00:00:00,18.711
2020-05-19 08:00:00,18.711
2020-05-19 16:00:00,18.711
2020-05-20 00:00:00,44.0456
2020-05-20 08:00:00,44.0456
2020-05-20 16:00:00,44.0456
2020-05-21 00:00:00,34.1733
2020-05-21 08:00:00,34.1733
2020-05-21 16:00:00,34.1733
2020-05-22 00:00:00,42.6423
2020-05-22 08:00:00,42.6423
2020-05-22 16:00:00,42.6423
2020-05-23 00:00:00,35.4925
2020-05-23 08:00:00,35.4925
2020-05-23 16:00:00,35.4925
2020-05-24 00:00:00,41.5659
2020-05-24 08:00:00,41.5659
2020-05-24 16:00:00,41.5659
2020-05-25 00:00:00,31.0101
2020-05-25 08:00:00,31.0101
2020-05-25 16:00:00,31.0101
2020-05-26 00:00:00,43.1616
2020-05-26 08:00:00,43.1616
2020-05-26 16:00:00,43.1616
2020-05-27 00:00:00,39.6476
2020-05-27 08:00:00,39.6476
2020-05-27 16:00:00,39.6476
2020-05-28 00:00:00,11.031
2020-05-28 08:00:00,11.031
2020-05-28 16:00:00,11.031
2020-05-29 00:00:00,34.811
2020-05-29 08:00:00,34.811
2020-05-29 16:00:00,34.811
2020-05-30 00:00:00,31.058
2020-05-30 08:00:00,31.058
2020-05-30 16:00:00,31.058
2020-05-31 00:00:00,22.0178
2020-05-31 08:00:00,22.0178
2020-05-31 16:00:00,22.0178
2020-06-01 00:00:00,10.5517
2020-06-01 08:00:00,10.5517
2020-06-01 16:00:00,10.5517
2020-06-02 00:00:00,42.5025
2020-06-02 08:00:00,42.5025
2020-06-02 16:00:00,42.5025
2020-06-03 00:00:00,20.2179
2020-06-03 08:00:00,20.2179
2020-06-03 16:00:00,20.2179
2020-06-04 00:00:00,26.566
2020-06-04 08:00:00,26.566
2020-06-04 16:00:00,26.566
2020-06-05 00:00:00,41.7097
2020-06-05 08:00:00,41.7097
2020-06-05 16:00:00,41.7097
2020-06-06 00:00:00,59.9863
2020-06-06 08:00:00,59.9863
2020-06-06 16:00:00,59.9863
2020-06-07 00:00:00,40.1904
2020-06-07 08:00:00,40.1904
2020-06-07 16:00:00,40.1904
2020-06-08 00:00:00,42.2674
2020-06-08 08:00:00,42.2674
2020-06-08 16:00:00,42.2674
2020-06-09 00:00:00,43.249
2020-06-09 08:00:00,43.249
2020-06-09 16:00:00,43.249
2020-06-10 00:00:00,47.011
2020-06-10 08:00:00,47.011
2020-06-10 16:00:00,47.011
2020-06-11 00:00:00,38.5066
2020-06-11 08:00:00,38.5066
2020-06-11 16:00:00,38.5066
2020-06-12 00:00:00,44.7343
2020-06-12 08:00:00,44.7343
2020-06-12 16:00:00,44.7343
2020-06-13 00:00:00,29.0847
2020-06-13 08:00:00,29.0847
2020-06-13 16:00:00,29.0847
2020-06-14 00:00:00,49.8377
2020-06-14 08:00:00,49.8377
2020-06-14 16:00:00,49.8377
2020-06-15 00:00:00,28.8911
2020-06-15 08:00:00,28.8911
2020-06-15 16:00:00,28.8911
2020-06-16 00:00:00,56.6161
2020-06-16 08:00:00,56.6161
2020-06-16 16:00:00,56.6161
2020-06-17 00:00:00,80.0325
2020-06-17 08:00:00,80.0325
2020-06-17 16:00:00,80.0325
2020-06-18 00:00:00,55.8423
2020-06-18 08:00:00,55.8423
2020-06-18 16:00:00,55.8423
2020-06-19 00:00:00,59.3019
2020-06-19 08:00:00,59.3019
2020-06-19 16:00:00,59.3019
2020-06-20 00:00:00,41.1635
2020-06-20 08:00:00,41.1635
2020-06-20 16:00:00,41.1635
2020-06-21 00:00:00,54.0828
2020-06-21 08:00:00,54.0828
2020-06-21 16:00:00,54.0828
2020-06-22 00:00:00,43.5517
2020-06-22 08:00:00,43.5517
2020-06-22 16:00:00,43.5517
2020-06-23 00:00:00,60.7703
2020-06-23 08:00:00,60.7703
2020-06-23 16:00:00,60.7703
2020-06-24 00:00:00,52.2325
2020-06-24 08:00:00,52.2325
2020-06-24 16:00:00,52.2325
2020-06-25 00:00:00,55.8219
2020-06-25 08:00:00,55.8219
2020-06-25 16:00:00,55.8219
2020-06-26 00:00:00,35.0009
2020-06-26 08:00:00,35.0009
2020-06-26 16:00:00,35.0009
2020-06-27 00:00:00,56.2935
2020-06-27 08:00:00,56.2935
2020-06-27 16:00:00,56.2935
2020-06-28 00:00:00,62.2323
2020-06-28 08:00:00,62.2323
2020-06-28 16:00:00,62.2323
2020-06-29 00:00:00,54.9784
2020-06-29 08:00:00,54.9784
2020-06-29 16:00:00,54.9784
2020-06-30 00:00:00,35.098
2020-06-30 08:00:00,35.098
2020-06-30 16:00:00,35.098
2020-07-01 00:00:00,57.5626
2020-07-01 08:00:00,57.5626
2020-07-01 16:00:00,57.5626
2020-07-02 00:00:00,66.9341
2020-07-02 08:00:00,66.9341
2020-07-02 16:00:00,66.9341
2020-07-03 00:00:00,66.4986
2020-07-03 08:00:00,66.4986
2020-07-03 16:00:00,66.4986
2020-07-04 00:00:00,68.3763
2020-07-04 08:00:00,68.3763
2020-07-04 16:00:00,68.3763
2020-07-05 00:00:00,59.7276
2020-07-05 08:00:00,59.7276
2020-07-05 16:00:00,59.7276
2020-07-06 00:00:00,60.8867
2020-07-06 08:00:00,60.8867
2020-07-06 16:00:00,60.8867
2020-07-07 00:00:00,85.8777
2020-07-07 08:00:00,85.8777
2020-07-07 16:00:00,85.8777
2020-07-08 00:00:00,61.7253
2020-07-08 08:00:00,61.7253
2020-07-08 16:00:00,61.7253
2020-07-09 00:00:00,58.4451
2020-07-09 08:00:00,58.4451
2020-07-09 16:00:00,58.4451
2020-07-10 00:00:00,69.6637
2020-07-10 08:00:00,69.6637
2020-07-10 16:00:00,69.6637
2020-07-11 00:00:00,55.3415
2020-07-11 08:00:00,55.3415
2020-07-11 16:00:00,55.3415
2020-07-12 00:00:00,46.8555
2020-07-12 08:00:00,46.8555
2020-07-12 16:00:00,46.8555
2020-07-13 00:00:00,79.4784
2020-07-13 08:00:00,79.4784
2020-07-13 16:00:00,79.4784
2020-07-14 00:00:00,86.7347
2020-07-14 08:00:00,86.7347
2020-07-14 16:00:00,86.7347
2020-07-15 00:00:00,54.5114
2020-07-15 08:00:00,54.5114
2020-07-15 16:00:00,54.5114
2020-07-16 00:00:00,53.7517
2020-07-16 08:00:00,53.7517
2020-07-16 16:00:00,53.7517
2020-07-17 00:00:00,48.9547
2020-07-17 08:00:00,48.9547
2020-07-17 16:00:00,48.9547
2020-07-18 00:00:00,89.7733
2020-07-18 08:00:00,89.7733
2020-07-18 16:00:00,89.7733
2020-07-19 00:00:00,46.3823
2020-07-19 08:00:00,46.3823
2020-07-19 16:00:00,46.3823
2020-07-20 00:00:00,61.8027
2020-07-20 08:00:00,61.8027
2020-07-20 16:00:00,61.8027
2020-07-21 00:00:00,92.5423
2020-07-21 08:00:00,92.5423
2020-07-21 16:00:00,92.5423
2020-07-22 00:00:00,64.2703
2020-07-22 08:00:00,64.2703
2020-07-22 16:00:00,64.2703
2020-07-23 00:00:00,65.8853
2020-07-23 08:00:00,65.8853
2020-07-23 16:00:00,65.8853
2020-07-24 00:00:00,69.6715
2020-07-24 08:00:00,69.6715
2020-07-24 16:00:00,69.6715
2020-07-25 00:00:00,76.9029
2020-07-25 08:00:00,76.9029
2020-07-25 16:00:00,76.9029
2020-07-26 00:00:00,74.5894
2020-07-26 08:00:00,74.5894
2020-07-26 16:00:00,74.5894
2020-07-27 00:00:00,68.373
2020-07-27 08:00:00,68.373
2020-07-27 16:00:00,68.373
2020-07-28 00:00:00,63.9737
2020-07-28 08:00:00,63.9737
2020-07-28 16:00:00,63.9737
2020-07-29 00:00:00,74.7707
2020-07-29 08:00:00,74.7707
2020-07-29 16:00:00,74.7707
2020-07-30 00:00:00,79.4062
2020-07-30 08:00:00,79.4062
2020-07-30 16:00:00,79.4062
2020-07-31 00:00:00,75.6081
2020-07-31 08:00:00,75.6081
2020-07-31 16:00:00,75.6081
2020-08-01 00:00:00,64.5795
2020-08-01 08:00:00,64.5795
2020-08-01 16:00:00,64.5795
2020-08-02 00:00:00,65.3843
2020-08-02 08:00:00,65.3843
2020-08-02 16:00:00,65.3843
2020-08-03 00:00:00,60.4672
2020-08-03 08:00:00,60.4672
2020-08-03 16:00:00,60.4672
2020-08-04 00:00:00,62.1584
2020-08-04 08:00:00,62.1584
2020-08-04 16:00:00,62.1584
2020-08-05 00:00:00,69.3134
2020-08-05 08:00:00,69.3134
2020-08-05 16:00:00,69.3134
2020-08-06 00:00:00,72.275
2020-08-06 08:00:00,72.275
2020-08-06 16:00:00,72.275
2020-08-07 00:00:00,64.22
2020-08-07 08:00:00,64.22
2020-08-07 16:00:00,64.22
2020-08-08 00:00:00,73.2365
2020-08-08 08:00:00,73.2365
2020-08-08 16:00:00,73.2365
2020-08-09 00:00:00,67.6065
2020-08-09 08:00:00,67.6065
2020-08-09 16:00:00,67.6065
2020-08-10 00:00:00,68.891
2020-08-10 08:00:00,68.891
2020-08-10 16:00:00,68.891
2020-08-11 00:00:00,89.4527
2020-08-11 08:00:00,89.4527
2020-08-11 16:00:00,89.4527
2020-08-12 00:00:00,80.2791
2020-08-12 08:00:00,80.2791
2020-08-12 16:00:00,80.2791
2020-08-13 00:00:00,75.2883
2020-08-13 08:00:00,75.2883
2020-08-13 16:00:00,75.2883
2020-08-14 00:00:00,70.5603
2020-08-14 08:00:00,70.5603
2020-08-14 16:00:00,70.5603
2020-08-15 00:00:00,78.572
2020-08-15 08:00:00,78.572
2020-08-15 16:00:00,78.572
2020-08-16 00:00:00,93.7382
2020-08-16 08:00:00,93.7382
2020-08-16 16:00:00,93.7382
2020-08-17 00:00:00,80.3796
2020-08-17 08:00:00,80.3796
2020-08-17 16:00:00,80.3796
2020-08-18 00:00:00,65.9113
2020-08-18 08:00:00,65.9113
2020-08-18 16:00:00,65.9113
2020-08-19 00:00:00,73.7648
2020-08-19 08:00:00,73.7648
2020-08-19 16:00:00,73.7648
2020-08-20 00:00:00,100.491
2020-08-20 08:00:00,100.491
2020-08-20 16:00:00,100.491
2020-08-21 00:00:00,63.6235
2020-08-21 08:00:00,63.6235
2020-08-21 16:00:00,63.6235
2020-08-22 00:00:00,60.1539
2020-08-22 08:00:00,60.1539
2020-08-22 16:00:00,60.1539
2020-08-23 00:00:00,76.5152
2020-08-23 08:00:00,76.5152
2020-08-23 16:00:00,76.5152
2020-08-24 00:00:00,48.5634
2020-08-24 08:00:00,48.5634
2020-08-24 16:00:00,48.5634
2020-08-25 00:00:00,56.9149
2020-08-25 08:00:00,56.9149
2020-08-25 16:00:00,56.9149
2020-08-26 00:00:00,44.0954
2020-08-26 08:00:00,44.0954
2020-08-26 16:00:00,44.0954
2020-08-27 00:00:00,53.0911
2020-08-27 08:00:00,53.0911
2020-08-27 16:00:00,53.0911
2020-08-28 00:00:00,73.102
2020-08-28 08:00:00,73.102
2020-08-28 16:00:00,73.102
2020-08-29 00:00:00,74.1307
2020-08-29 08:00:00,74.1307
2020-08-29 16:00:00,74.1307
2020-08-30 00:00:00,63.9547
2020-08-30 08:00:00,63.9547
2020-08-30 16:00:00,63.9547
2020-08-31 00:00:00,71.3171
2020-08-31 08:00:00,71.3171
2020-08-31 16:00:00,71.3171
2020-09-01 00:00:00,58.1643
2020-09-01 08:00:00,58.1643
2020-09-01 16:00:00,58.1643
2020-09-02 00:00:00,44.2036
2020-09-02 08:00:00,44.2036
2020-09-02 16:00:00,44.2036
2020-09-03 00:00:00,72.1992
2020-09-03 08:00:00,72.1992
2020-09-03 16:00:00,72.1992
2020-09-04 00:00:00,58.441
2020-09-04 08:00:00,58.441
2020-09-04 16:00:00,58.441
2020-09-05 00:00:00,51.4912
2020-09-05 08:00:00,51.4912
2020-09-05 16:00:00,51.4912
2020-09-06 00:00:00,71.8138
2020-09-06 08:00:00,71.8138
2020-09-06 16:00:00,71.8138
2020-09-07 00:00:00,45.2959
2020-09-07 08:00:00,45.2959
2020-09-07 16:00:00,45.2959
2020-09-08 00:00:00,69.6966
2020-09-08 08:00:00,69.6966
2020-09-08 16:00:00,69.6966
2020-09-09 00:00:00,49.2796
2020-09-09 08:00:00,49.2796
2020-09-09 16:00:00,49.2796
2020-09-10 00:00:00,79.1924
2020-09-10 08:00:00,79.1924
2020-09-10 16:00:00,79.1924
2020-09-11 00:00:00,77.8723
2020-09-11 08:00:00,77.8723
2020-09-11 16:00:00,77.8723
2020-09-12 00:00:00,59.5302
2020-09-12 08:00:00,59.5302
2020-09-12 16:00:00,59.5302
2020-09-13 00:00:00,57.6387
2020-09-13 08:00:00,57.6387
2020-09-13 16:00:00,57.6387
2020-09-14 00:00:00,58.7363
2020-09-14 08:00:00,58.7363
2020-09-14 16:00:00,58.7363
2020-09-15 00:00:00,46.9645
2020-09-15 08:00:00,46.9645
2020-09-15 16:00:00,46.9645
2020-09-16 00:00:00,54.5634
2020-09-16 08:00:00,54.5634
2020-09-16 16:00:00,54.5634
2020-09-17 00:00:00,74.9392
2020-09-17 08:00:00,74.9392
2020-09-17 16:00:00,74.9392
2020-09-18 00:00:00,54.0373
2020-09-18 08:00:00,54.0373
2020-09-18 16:00:00,54.0373
2020-09-19 00:00:00,58.6084
2020-09-19 08:00:00,58.6084
2020-09-19 16:00:00,58.6084
2020-09-20 00:00:00,65.6859
2020-09-20 08:00:00,65.6859
2020-09-20 16:00:00,65.6859
2020-09-21 00:00:00,64.4833
2020-09-21 08:00:00,64.4833
2020-09-21 16:00:00,64.4833
2020-09-22 00:00:00,65.6816
2020-09-22 08:00:00,65.6816
2020-09-22 16:00:00,65.6816
2020-09-23 00:00:00,62.658
2020-09-23 08:00:00,62.658
2020-09-23 16:00:00,62.658
2020-09-24 00:00:00,64.0957
2020-09-24 08:00:00,64.0957
2020-09-24 16:00:00,64.0957
2020-09-25 00:00:00,63.5496
2020-09-25 08:00:00,63.5496
2020-09-25 16:00:00,63.5496
2020-09-26 00:00:00,59.0756
2020-09-26 08:00:00,59.0756
2020-09-26 16:00:00,59.0756
2020-09-27 00:00:00,60.3411
2020-09-27 08:00:00,60.3411
2020-09-27 16:00:00,60.3411
2020-09-28 00:00:00,76.6666
2020-09-28 08:00:00,76.6666
2020-09-28 16:00:00,76.6666
2020-09-29 00:00:00,46.3464
2020-09-29 08:00:00,46.3464
2020-09-29 16:00:00,46.3464
2020-09-30 00:00:00,45.5836
2020-09-30 08:00:00,45.5836
2020-09-30 16:00:00,45.5836
2020-10-01 00:00:00,60.6214
2020-10-01 08:00:00,60.6214
2020-10-01 16:00:00,60.6214
2020-10-02 00:00:00,45.7963
2020-10-02 08:00:00,45.7963
2020-10-02 16:00:00,45.7963
2020-10-03 00:00:00,69.9918
2020-10-03 08:00:00,69.9918
2020-10-03 16:00:00,69.9918
2020-10-04 00:00:00,44.1367
2020-10-04 08:00:00,44.1367
2020-10-04 16:00:00,44.1367
2020-10-05 00:00:00,63.8298
2020-10-05 08:00:00,63.8298
2020-10-05 16:00:00,63.8298
2020-10-06 00:00:00,40.0937
2020-10-06 08:00:00,40.0937
2020-10-06 16:00:00,40.0937
2020-10-07 00:00:00,56.5902
2020-10-07 08:00:00,56.5902
2020-10-07 16:00:00,56.5902
2020-10-08 00:00:00,52.0088
2020-10-08 08:00:00,52.0088
2020-10-08 16:00:00,52.0088
2020-10-09 00:00:00,63.6011
2020-10-09 08:00:00,63.6011
2020-10-09 16:00:00,63.6011
2020-10-10 00:00:00,66.7853
2020-10-10 08:00:00,66.7853
2020-10-10 16:00:00,66.7853
2020-10-11 00:00:00,58.9118
2020-10-11 08:00:00,58.9118
2020-10-11 16:00:00,58.9118
2020-10-12 00:00:00,59.195
2020-10-12 08:00:00,59.195
2020-10-12 16:00:00,59.195
2020-10-13 00:00:00,56.2739
2020-10-13 08:00:00,56.2739
2020-10-13 16:00:00,56.2739
2020-10-14 00:00:00,73.6779
2020-10-14 08:00:00,73.6779
2020-10-14 16:00:00,73.6779
2020-10-15 00:00:00,72.527
2020-10-15 08:00:00,72.527
2020-10-15 16:00:00,72.527
2020-10-16 00:00:00,62.6444
2020-10-16 08:00:00,62.6444
2020-10-16 16:00:00,62.6444
2020-10-17 00:00:00,51.359
2020-10-17 08:00:00,51.359
2020-10-17 16:00:00,51.359
2020-10-18 00:00:00,58.5665
2020-10-18 08:00:00,58.5665
2020-10-18 16:00:00,58.5665
2020-10-19 00:00:00,77.9815
2020-10-19 08:00:00,77.9815
2020-10-19 16:00:00,77.9815
2020-10-20 00:00:00,65.826
2020-10-20 08:00:00,65.826
2020-10-20 16:00:00,65.826
2020-10-21 00:00:00,74.3159
2020-10-21 08:00:00,74.3159
2020-10-21 16:00:00,74.3159
2020-10-22 00:00:00,73.3964
2020-10-22 08:00:00,73.3964
2020-10-22 16:00:00,73.3964
2020-10-23 00:00:00,73.8737
2020-10-23 08:00:00,73.8737
2020-10-23 16:00:00,73.8737
2020-10-24 00:00:00,62.6039
2020-10-24 08:00:00,62.6039
2020-10-24 16:00:00,62.6039
2020-10-25 00:00:00,67.2319
2020-10-25 08:00:00,67.2319
2020-10-25 16:00:00,67.2319
2020-10-26 00:00:00,66.8646
2020-10-26 08:00:00,66.8646
2020-10-26 16:00:00,66.8646
2020-10-27 00:00:00,57.0401
2020-10-27 08:00:00,57.0401
2020-10-27 16:00:00,57.0401
2020-10-28 00:00:00,62.3151
2020-10-28 08:00:00,62.3151
2020-10-28 16:00:00,62.3151
2020-10-29 00:00:00,71.1949
2020-10-29 08:00:00,71.1949
2020-10-29 16:00:00,71.1949
2020-10-30 00:00:00,52.8888
2020-10-30 08:00:00,52.8888
2020-10-30 16:00:00,52.8888
2020-10-31 00:00:00,56.598
2020-10-31 08:00:00,56.598
2020-10-31 16:00:00,56.598
2020-11-01 00:00:00,71.5884
2020-11-01 08:00:00,71.5884
2020-11-01 16:00:00,71.5884
2020-11-02 00:00:00,62.4139
2020-11-02 08:00:00,62.4139
2020-11-02 16:00:00,62.4139
2020-11-03 00:00:00,47.6822
2020-11-03 08:00:00,47.6822
2020-11-03 16:00:00,47.6822
2020-11-04 00:00:00,61.5069
2020-11-04 08:00:00,61.5069
2020-11-04 16:00:00,61.5069
2020-11-05 00:00:00,57.3977
2020-11-05 08:00:00,57.3977
2020-11-05 16:00:00,57.3977
2020-11-06 00:00:00,57.7885
2020-11-06 08:00:00,57.7885
2020-11-06 16:00:00,57.7885
2020-11-07 00:00:00,68.7148
2020-11-07 08:00:00,68.7148
2020-11-07 16:00:00,68.7148
2020-11-08 00:00:00,69.5643
2020-11-08 08:00:00,69.5643
2020-11-08 16:00:00,69.5643
2020-11-09 00:00:00,64.4672
2020-11-09 08:00:00,64.4672
2020-11-09 16:00:00,64.4672
2020-11-10 00:00:00,58.3533
2020-11-10 08:00:00,58.3533
2020-11-10 16:00:00,58.3533
2020-11-11 00:00:00,76.8277
2020-11-11 08:00:00,76.8277
2020-11-11 16:00:00,76.8277
2020-11-12 00:00:00,69.7657
2020-11-12 08:00:00,69.7657
2020-11-12 16:00:00,69.7657
2020-11-13 00:00:00,72.8585
2020-11-13 08:00:00,72.8585
2020-11-13 16:00:00,72.8585
2020-11-14 00:00:00,64.4474
2020-11-14 08:00:00,64.4474
2020-11-14 16:00:00,64.4474
2020-11-15 00:00:00,66.0311
2020-11-15 08:00:00,66.0311
2020-11-15 16:00:00,66.0311
2020-11-16 00:00:00,55.0555
2020-11-16 08:00:00,55.0555
2020-11-16 16:00:00,55.0555
2020-11-17 00:00:00,50.1791
2020-11-17 08:00:00,50.1791
2020-11-17 16:00:00,50.1791
2020-11-18 00:00:00,61.0272
2020-11-18 08:00:00,61.0272
2020-11-18 16:00:00,61.0272
2020-11-19 00:00:00,54.2234
2020-11-19 08:00:00,54.2234
2020-11-19 16:00:00,54.2234
2020-11-20 00:00:00,65.6301
2020-11-20 08:00:00,65.6301
2020-11-20 16:00:00,65.6301
2020-11-21 00:00:00,63.4531
2020-11-21 08:00:00,63.4531
2020-11-21 16:00:00,63.4531
2020-11-22 00:00:00,52.6643
2020-11-22 08:00:00,52.6643
2020-11-22 16:00:00,52.6643
2020-11-23 00:00:00,64.295
2020-11-23 08:00:00,64.295
2020-11-23 16:00:00,64.295
2020-11-24 00:00:00,70.862
2020-11-24 08:00:00,70.862
2020-11-24 16:00:00,70.862
2020-11-25 00:00:00,60.0438
2020-11-25 08:00:00,60.0438
2020-11-25 16:00:00,60.0438
2020-11-26 00:00:00,52.7251
2020-11-26 08:00:00,52.7251
2020-11-26 16:00:00,52.7251
2020-11-27 00:00:00,60.4326
2020-11-27 08:00:00,60.4326
2020-11-27 16:00:00,60.4326
2020-11-28 00:00:00,68.0124
2020-11-28 08:00:00,68.0124
2020-11-28 16:00:00,68.0124
2020-11-29 00:00:00,70.3842
2020-11-29 08:00:00,70.3842
2020-11-29 16:00:00,70.3842
2020-11-30 00:00:00,75.242
2020-11-30 08:00:00,75.242
2020-11-30 16:00:00,75.242
2020-12-01 00:00:00,56.4709
2020-12-01 08:00:00,56.4709
2020-12-01 16:00:00,56.4709
2020-12-02 00:00:00,67.9582
2020-12-02 08:00:00,67.9582
2020-12-02 16:00:00,67.9582
2020-12-03 00:00:00,65.2516
2020-12-03 08:00:00,65.2516
2020-12-03 16:00:00,65.2516
2020-12-04 00:00:00,70.2146
2020-12-04 08:00:00,70.2146
2020-12-04 16:00:00,70.2146
2020-12-05 00:00:00,58.2111
2020-12-05 08:00:00,58.2111
2020-12-05 16:00:00,58.2111
2020-12-06 00:00:00,62.0336
2020-12-06 08:00:00,62.0336
2020-12-06 16:00:00,62.0336
2020-12-07 00:00:00,61.42
2020-12-07 08:00:00,61.42
2020-12-07 16:00:00,61.42
2020-12-08 00:00:00,53.268
2020-12-08 08:00:00,53.268
2020-12-08 16:00:00,53.268
2020-12-09 00:00:00,52.0352
2020-12-09 08:00:00,52.0352
2020-12-09 16:00:00,52.0352
2020-12-10 00:00:00,73.8513
2020-12-10 08:00:00,73.8513
2020-12-10 16:00:00,73.8513
2020-12-11 00:00:00,73.7868
2020-12-11 08:00:00,73.7868
2020-12-11 16:00:00,73.7868
2020-12-12 00:00:00,52.9803
2020-12-12 08:00:00,52.9803
2020-12-12 16:00:00,52.9803
2020-12-13 00:00:00,66.2739
2020-12-13 08:00:00,66.2739
2020-12-13 16:00:00,66.2739
2020-12-14 00:00:00,78.6818
2020-12-14 08:00:00,78.6818
2020-12-14 16:00:00,78.6818
2020-12-15 00:00:00,75.9713
2020-12-15 08:00:00,75.9713
2020-12-15 16:00:00,75.9713
2020-12-16 00:00:00,87.1709
2020-12-16 08:00:00,87.1709
2020-12-16 16:00:00,87.1709
2020-12-17 00:00:00,73.5804
2020-12-17 08:00:00,73.5804
2020-12-17 16:00:00,73.5804
2020-12-18 00:00:00,91.0057
2020-12-18 08:00:00,91.0057
2020-12-18 16:00:00,91.0057
2020-12-19 00:00:00,72.7807
2020-12-19 08:00:00,72.7807
2020-12-19 16:00:00,72.7807
2020-12-20 00:00:00,91.7449
2020-12-20 08:00:00,91.7449
2020-12-20 16:00:00,91.7449
2020-12-21 00:00:00,93.9643
2020-12-21 08:00:00,93.9643
2020-12-21 16:00:00,93.9643
2020-12-22 00:00:00,92.001
2020-12-22 08:00:00,92.001
2020-12-22 16:00:00,92.001
2020-12-23 00:00:00,93.3779
2020-12-23 08:00:00,93.3779
2020-12-23 16:00:00,93.3779
2020-12-24 00:00:00,86.8157
2020-12-24 08:00:00,86.8157
2020-12-24 16:00:00,86.8157
2020-12-25 00:00:00,86.281
2020-12-25 08:00:00,86.281
2020-12-25 16:00:00,86.281
2020-12-26 00:00:00,82.229
2020-12-26 08:00:00,82.229
2020-12-26 16:00:00,82.229
2020-12-27 00:00:00,81.7306
2020-12-27 08:00:00,81.7306
2020-12-27 16:00:00,81.7306
2020-12-28 00:00:00,83.0458
2020-12-28 08:00:00,83.0458
2020-12-28 16:00:00,83.0458
2020-12-29 00:00:00,61.4151
2020-12-29 08:00:00,61.4151
2020-12-29 16:00:00,61.4151
2020-12-30 00:00:00,74.6813
2020-12-30 08:00:00,74.6813
2020-12-30 16:00:00,74.6813
2020-12-31 00:00:00,74.0282
2020-12-31 08:00:00,74.0282
2020-12-31 16:00:00,74.0282
2021-01-01 00:00:00,78.1948
2021-01-01 08:00:00,78.1948
2021-01-01 16:00:00,78.1948
2021-01-02 00:00:00,74.723
2021-01-02 08:00:00,74.723
2021-01-02 16:00:00,74.723
2021-01-03 00:00:00,72.9339
2021-01-03 08:00:00,72.9339
2021-01-03 16:00:00,72.9339
2021-01-04 00:00:00,74.8676
2021-01-04 08:00:00,74.8676
2021-01-04 16:00:00,74.8676
2021-01-05 00:00:00,88.842
2021-01-05 08:00:00,88.842
2021-01-05 16:00:00,88.842
2021-01-06 00:00:00,80.3913
2021-01-06 08:00:00,80.3913
2021-01-06 16:00:00,80.3913
2021-01-07 00:00:00,90.5247
2021-01-07 08:00:00,90.5247
2021-01-07 16:00:00,90.5247
2021-01-08 00:00:00,63.8859
2021-01-08 08:00:00,63.8859
2021-01-08 16:00:00,63.8859
2021-01-09 00:00:00,81.3418
2021-01-09 08:00:00,81.3418
2021-01-09 16:00:00,81.3418
2021-01-10 00:00:00,84.7959
2021-01-10 08:00:00,84.7959
2021-01-10 16:00:00,84.7959
2021-01-11 00:00:00,72.225
2021-01-11 08:00:00,72.225
2021-01-11 16:00:00,72.225
