 Date,PM2.5,AT,BP,PM10,Benzene,Toluene,NH3,NO,NOx,RH,SR,WS,WD
18-03-2019 00:00,114.71,21.63,989.08,210.8,5.32,25.52,47.59,35.75,65.02,52.62,232.96,0.55,255.54
19-03-2019 00:00,106.81,23.4,985.64,221.55,5.38,38.04,49.95,51.12,76.93,48.14,230.63,0.6,232.54
20-03-2019 00:00,84.15,25.41,984.24,208.4,4.09,24.6,48.85,35.25,70.2,41.25,200.19,1.2,139.72
21-03-2019 00:00,109.66,24.59,987.15,187.36,5.01,17.73,51.61,23.41,42.05,45.39,210.61,0.67,286.93
22-03-2019 00:00,33.88,23.98,989.25,107.91,2.21,11.91,39.42,4.77,22.85,35.6,248.63,1.03,270.1
23-03-2019 00:00,41.52,24.11,988.47,115.73,2.08,12.98,39.19,3.71,20.13,38.6,234.51,1.12,267.52
24-03-2019 00:00,54.5,24.86,986.8,131.55,2.51,13.86,41.64,8.39,27.54,42.24,223.82,0.9,269.39
25-03-2019 00:00,63.8,23.83,987.11,144.16,2.69,13.56,41.06,7.51,27.01,50.28,202.65,1.02,277.16
26-03-2019 00:00,72.39,23.89,988.53,0,3.48,22.52,39.24,12.15,35.77,48.09,214.2,0.87,268.57
27-03-2019 00:00,94.85,24.71,989.21,0,5.27,27.34,41.47,31.91,58.12,44.48,193.04,0.69,255.61
28-03-2019 00:00,105.56,26.87,987.17,0,5.52,44.38,47.06,70.73,96.07,44.83,199.49,0.46,233.23
29-03-2019 00:00,88.68,28.59,984.11,0,4.9,37.12,53.71,41.2,69.58,51.08,190.09,0.52,249.97
30-03-2019 00:00,85.48,30.05,983.23,0,4.58,32.7,52.06,61.94,87.84,45.1,179.64,0.63,207.86
31-03-2019 00:00,50.31,28.6,983.78,0,2.54,17.63,41.65,11.77,32.43,35,207.11,1.13,273.54
01-04-2019 00:00,57.92,27.3,984.05,140.24,2.5,13.41,36.5,5.84,26.4,31.79,207.25,1.23,261.48
02-04-2019 00:00,76.52,27.15,984.86,183.97,3.09,20.17,40.06,35.55,69.88,34.69,204.43,0.59,248.96
03-04-2019 00:00,70.41,28.27,983.83,179.84,2.2,9.8,42.25,32.32,62.87,33.73,210.26,0.7,240.77
04-04-2019 00:00,121.16,29.38,984.42,272.16,0,0,50.17,52.54,86.33,38.3,193.36,0.67,214.69
05-04-2019 00:00,108.47,30.58,983.43,272.79,0,0,53.25,24.02,51.82,38.49,178.88,0.79,191.79
06-04-2019 00:00,103.22,31.39,982.27,309.67,0,0,44.92,41.14,66.06,33.97,181.91,0.61,202.12
07-04-2019 00:00,117.79,29.19,981.86,291.99,0,0,57.32,25.93,50.31,53.32,163.41,1.32,124.2
08-04-2019 00:00,62.98,27.88,982.62,285.07,0,0,44.26,22.61,49.91,47.34,194.82,0.95,154.26
09-04-2019 00:00,73.42,28.94,982.19,205.49,0,0,42.32,43.32,71.79,41.8,203.46,0.72,171.31
10-04-2019 00:00,97.8,30.91,983.2,234.39,0,0,45.49,33.12,62.28,39.26,203.95,0.63,239.92
11-04-2019 00:00,56.03,31.66,982.87,198.43,0,0,40.95,21.75,50.33,33.04,199.78,0.7,278.84
12-04-2019 00:00,48.79,30.17,983.39,211.69,0,0,41.39,11.65,36.06,35.76,195.16,1.05,290.48
13-04-2019 00:00,40.18,31.12,983.75,148.74,0,0,36.32,7.17,31.38,32.25,209.41,1.31,294.05
14-04-2019 00:00,39.1,31.6,983.56,154.12,0,0,34.27,7.92,32.72,30.39,206.19,1.02,284.1
15-04-2019 00:00,46.06,33.09,981.66,172.39,0,0,33.17,13.83,37.75,28.03,212.35,0.82,260.52
16-04-2019 00:00,42.57,25.47,985.46,175.16,0,0,35.73,9.38,29.9,52.03,124.9,1.96,174.67
17-04-2019 00:00,16.9,22.79,986.6,49.05,0,0,31.2,7.65,27.65,58.29,171.15,1.88,129.71
18-04-2019 00:00,31.27,24.71,986.89,84.75,0,0,29.55,10.49,36.08,51.35,230.82,0.64,214.44
19-04-2019 00:00,59.73,27.03,984.36,131.18,0,0,33.5,30.44,59.8,40.17,208.15,0.63,249.3
20-04-2019 00:00,79.57,28.57,981.84,163.84,0,0,32.47,16.67,47.64,36.06,194.76,0.52,236.25
21-04-2019 00:00,75.33,30.72,980.08,176.03,0,0,34.55,38.39,72.66,32.12,212.92,0.56,222.78
22-04-2019 00:00,101.9,31.37,980.01,241.7,6.54,47.57,44.23,29.3,68.71,37.01,187.65,0.41,209.64
23-04-2019 00:00,86.15,33.31,981.24,237.48,5.51,43.2,48.77,16.15,56.28,35.14,209.59,0.47,183.06
24-04-2019 00:00,72.28,34.21,982.38,260.1,3.04,19.4,43.09,14.32,55.49,33.84,201.01,1.14,126.79
25-04-2019 00:00,75.33,33.66,982.31,267.96,2.34,13.96,47.98,8.52,42.15,37,190.18,1.17,146.52
26-04-2019 00:00,68.71,33.22,981.58,208.54,4.35,37.68,37.9,42.66,73.34,29.39,207.54,0.5,266.44
27-04-2019 00:00,53.48,34.18,980.76,236.08,2.33,20.03,34.73,6.67,25.68,21.08,220.15,0.88,273.67
28-04-2019 00:00,59.75,33.77,979.66,229.01,2.21,19.78,34.17,13.07,32,18.78,223.94,0.67,266.5
29-04-2019 00:00,73.44,33.69,978.95,241.06,3.74,30.16,37.15,24.07,50.58,20.7,214.57,0.41,216.73
30-04-2019 00:00,78.27,34.62,976.38,263.78,4.32,28.85,41.4,34.31,65.99,19.87,210.48,1.03,153.95
01-05-2019 00:00,113.55,33.93,975.66,323.34,4.69,24.96,46.12,21.55,55.52,26.61,196.02,0.52,186.66
02-05-2019 00:00,63.82,32.23,977.79,251.46,2.39,15.52,42.28,10.12,32.07,29.61,173.38,1.48,206.88
03-05-2019 00:00,45.97,30.37,980.09,141.26,1.94,16.02,36.96,19.04,41.4,35.93,209.89,1.21,180.31
04-05-2019 00:00,73.89,30.38,981.97,173.89,3.43,24.88,41.45,34.14,57.41,36.08,327.19,0.62,251.63
05-05-2019 00:00,78.15,34.88,981.22,192.11,3.72,26.18,37.98,17.93,38.81,18.53,311.96,0.74,251.6
06-05-2019 00:00,108.91,32.8,979.26,250.79,4.84,33.95,41.58,36.62,62.28,19.83,239.13,0.55,216.64
07-05-2019 00:00,112.47,33.17,977.89,328.6,5.68,48.81,45.23,53.74,73.44,23.21,235.2,0.54,196.42
08-05-2019 00:00,108.88,33.99,977.74,339.94,5.39,46.29,43.85,56.9,74.34,23.07,231.75,0.69,219.34
09-05-2019 00:00,116.38,35.04,976.97,373.27,3.9,24.57,40.9,38.35,59.05,19.39,219.91,0.77,219.54
10-05-2019 00:00,61.29,35.15,977.95,272.65,1.79,12.7,34.11,7.69,24.9,18.43,224.39,0.81,220.45
11-05-2019 00:00,91.73,33.17,980.22,292.81,2.26,17.83,35.62,13.62,33.63,26.9,221.42,0.68,243.35
12-05-2019 00:00,141.46,32.65,979.91,383.11,2.39,15.16,37.35,9.12,28.88,29.14,215.34,0.84,250.55
13-05-2019 00:00,162.86,32.29,978.72,323.25,3.08,16.67,36.23,19.21,45.34,33.41,185.12,1.06,196.66
14-05-2019 00:00,44.08,29.95,979.69,107.64,1.91,16.38,38.07,14.87,34.74,43,228.55,0.47,244.35
15-05-2019 00:00,77.14,28.57,981.2,179.36,3.47,34.93,40.5,39.19,68.03,50.6,184.68,0.88,146.66
16-05-2019 00:00,65.94,29.72,981.73,235.33,3.01,24.57,38.12,38.72,59.12,44.51,184.5,0.7,220
17-05-2019 00:00,60.62,28.62,981.49,285.43,2.19,22.79,35.37,15.23,33.5,51.63,194.56,0.89,207.62
18-05-2019 00:00,35.21,27.57,981.34,86.11,1.55,15.24,37.24,5.42,21.12,59.85,238.99,0.69,264.6
19-05-2019 00:00,86.86,31.21,981.51,156.25,2.67,17.14,32.19,14.37,35.07,38.57,235.94,0.67,254
20-05-2019 00:00,82.27,33.09,981.87,176.16,3.39,22.91,31.2,37.63,60.62,32.51,232.6,0.43,227.27
21-05-2019 00:00,67.84,34.64,980.45,158.17,2.21,14.62,29.03,16.55,38.83,28.49,229.79,0.5,226.16
22-05-2019 00:00,56.93,32.58,979.03,171.8,2.99,19.46,29.12,23.61,50.27,35.88,139.5,0.39,215.55
23-05-2019 00:00,72.85,32.73,978.09,184.86,2.98,23.12,27.02,31.62,53.37,40.54,196.21,0.64,212.32
24-05-2019 00:00,36.86,29.54,979.6,107.76,2.46,23.94,32.97,19.23,35.31,54.96,200.57,0.93,275.98
25-05-2019 00:00,31.65,32.01,979.05,94.99,1.58,15.14,30.39,4.55,18.12,38.21,245.91,0.96,270.48
26-05-2019 00:00,46.78,32.6,977.6,114.81,1.95,16.96,25.27,9.4,26.89,30.74,244.25,0.64,261.48
27-05-2019 00:00,51.31,34.32,977.31,138.09,2.79,26.04,25.99,27.39,50.42,25.63,244.6,0.51,245.14
28-05-2019 00:00,55.8,34.61,976.95,150.51,3.54,28.67,28.09,18.25,43.86,20.09,244.57,0.55,241.3
29-05-2019 00:00,58.69,35.42,975.47,156.94,3.56,26.99,28.54,21.5,47.25,23.36,238.09,0.52,218.55
30-05-2019 00:00,71.66,36.94,974.11,204.27,4.87,44.72,39.07,53.15,74.36,23.2,233.35,0.54,222.9
31-05-2019 00:00,75.89,37,974.46,302.88,3.76,27.29,36.89,13.57,33.32,22.43,227.46,0.6,213.65
01-06-2019 00:00,75.83,36.2,974.91,253.03,3.53,28.79,44.9,29.84,51.07,32.92,213.67,0.82,108.3
02-06-2019 00:00,58.92,36.13,975.1,205.33,1.48,11.03,43.24,4.66,17.88,42.62,212.1,1.51,97.97
03-06-2019 00:00,47.97,34.37,975.88,281.73,1.25,9.14,36.08,4.89,18.04,42.84,209.25,2.16,94.04
04-06-2019 00:00,41.75,34.56,976.29,153.26,1.54,12.12,29.51,6.58,25.61,41.07,208.82,1.59,97.57
05-06-2019 00:00,62,36.37,975.47,204.69,2.39,16.32,29.48,10.62,32.44,36.38,204.48,0.99,140.05
06-06-2019 00:00,54.04,36.24,975.7,191.07,1.93,16.3,28.02,16.06,33.06,32.79,197.98,0.86,172.82
07-06-2019 00:00,47.57,33.48,978.65,139.5,1.53,12.42,28.23,5.68,23.1,41.72,218.11,1.28,150
08-06-2019 00:00,66.25,36.09,976.92,173.24,2.61,19.8,30.91,8.34,30.26,37.75,218.9,0.62,179.05
09-06-2019 00:00,85.22,36.38,974.12,224.19,5.23,38.75,28.94,38.38,66.4,30.51,209.88,0.51,211.45
10-06-2019 00:00,61.51,37.67,971.3,185.48,3.89,25.43,27.83,23.92,48.61,24.81,184.04,0.51,211.26
11-06-2019 00:00,91.9,37.92,971.5,482.77,3.26,27.58,29.42,26.3,47.36,22.01,202.8,0.73,207.93
12-06-2019 00:00,40.54,34.67,974.47,248.02,1.31,11.06,33.68,5.91,18.92,35.72,218.43,1.83,132.21
13-06-2019 00:00,41.91,35.81,974.59,164.78,1.65,13.64,29.63,13.44,32.63,35.73,222.4,0.71,169.52
14-06-2019 00:00,46.69,36.54,973.22,162.73,2.55,17.23,24.08,17.85,33.59,26.44,232.48,0.83,247.19
15-06-2019 00:00,59.46,37.17,972.75,223.61,2.63,21.61,26.64,21.98,41.5,22.57,223.01,0.78,248
16-06-2019 00:00,29.88,32.01,974.92,134.81,0.83,7.45,27.43,4.18,12.29,45.34,146.38,1.31,243.84
17-06-2019 00:00,36.19,30.67,974.58,130.14,2.91,10.95,27.05,5.06,17.42,44.76,116.28,1.09,251.79
18-06-2019 00:00,28.27,27.63,976.38,74.19,3.31,23.97,29.31,11.54,28.63,61.36,211.39,0.97,256.14
19-06-2019 00:00,64.73,30.91,975.46,191.18,4.33,26.15,35.91,13.41,32.62,52.51,232.33,1.05,184.36
20-06-2019 00:00,39.67,32.09,976.74,127.42,1.98,10.23,31.96,7.6,23.48,48.03,242.12,1.02,110.19
21-06-2019 00:00,64.07,34.03,976.54,181.56,2.1,10.9,32.23,8.56,32.34,44.93,226.76,0.7,161
22-06-2019 00:00,52.68,35.08,975.84,146.2,2.1,10.9,31.28,5.73,27.85,37.42,246.89,0.8,215.59
23-06-2019 00:00,28.42,33.78,976.46,108.6,2.1,10.9,32.91,4.75,12.67,50.15,250.14,1.95,93.2
24-06-2019 00:00,15.97,30.65,978.31,66.29,1.67,13.12,30.22,5.53,13.9,63.74,194.14,1.47,82.42
25-06-2019 00:00,43.71,33.06,977.06,108.29,2.07,18.02,30.39,6.64,22.79,56.1,197.69,0.68,140.12
26-06-2019 00:00,58.62,35.2,973.88,138.11,2.63,19,29.39,6.79,26.06,46.05,185.97,0.49,249.82
27-06-2019 00:00,57.67,34.62,972.21,194.49,3.47,23.91,30.96,14.18,31.62,43.1,207.47,0.65,242.11
28-06-2019 00:00,55.77,35.06,971.1,208.66,3.45,20.48,29.79,10.01,25.49,38.69,212.46,0.72,263.98
29-06-2019 00:00,49.08,37.08,970.37,229.62,2.83,18.77,27.9,5.88,18.42,32.33,240.04,0.8,243.61
30-06-2019 00:00,52.5,37.14,970.76,256.88,3.31,21.87,34.36,5.51,15.89,34.24,230.81,0.93,274.37
01-07-2019 00:00,41.64,36.32,972.02,165.39,2.47,15.27,33.41,5.56,19.27,36.32,231.27,0.65,231.28
02-07-2019 00:00,56.69,34.88,973.52,227.65,1.3,12.33,37.4,5.33,19.09,44.18,218.63,1.05,206.1
03-07-2019 00:00,28.12,34.08,974.36,99.45,0.52,8.39,39.8,8.31,21.09,53.14,184.04,1.5,92.2
04-07-2019 00:00,31.97,31.35,973.17,92.27,0.69,15.34,37.57,18.93,32.58,69.94,120.36,1.28,168.57
05-07-2019 00:00,43.6,29.04,971.52,85.88,0.68,18.89,47.82,19.78,33.54,82.48,110.24,0.95,199.87
06-07-2019 00:00,24.68,30.91,970.37,63.16,0.35,9.56,38.54,13.88,31.58,69.61,217.42,1.43,106.16
07-07-2019 00:00,35.07,31.77,970.73,76.86,0.47,12.95,33.89,9.48,24.9,66.17,193.91,0.67,187.87
08-07-2019 00:00,41.75,32.62,971.18,126.28,0.43,12.59,33.69,8.41,24.81,63.26,179.84,0.96,172.45
09-07-2019 00:00,38.27,30.91,971.15,110.54,0.36,14.35,31.15,9.41,24.02,68.92,128.08,0.92,168.87
10-07-2019 00:00,58.61,33.08,970.23,251.28,0.45,12.47,30.13,16.29,28.43,62.25,189.39,0.91,178.83
11-07-2019 00:00,56.3,34.6,970.44,330.71,0.44,11.5,29.05,9.64,19.88,51.22,192.89,0.92,199.16
12-07-2019 00:00,54.36,34.06,972.96,328.19,0.39,11.23,30.3,10.6,21.43,54.49,165.11,0.87,197.05
13-07-2019 00:00,48.16,34.71,973.44,277.88,0.44,7.56,26.66,8.32,19.13,47.47,201.67,1.08,193.98
14-07-2019 00:00,48.33,33.45,972.56,285.07,0.5,6.9,23.62,7.08,17.21,51.06,168.1,1.04,182.82
15-07-2019 00:00,32.29,28.33,972.86,139.97,0.6,14.54,23.58,15.02,28.61,75.64,109.38,1.08,134.46
16-07-2019 00:00,26.44,27.96,975.94,82.76,0.51,14.68,27,9.86,23.95,77.66,168.77,1.03,113.29
17-07-2019 00:00,35.72,27.41,976.82,80.64,0.59,18.69,29.63,10.02,24.58,84.59,129.83,0.64,230.23
18-07-2019 00:00,34.93,26.71,976.84,76.95,0.53,17.61,30.54,20.94,37.81,87.58,111.89,0.61,170.07
19-07-2019 00:00,57.95,30.93,976.83,146.43,0.68,24.55,32.54,34.06,48.96,70.79,213.07,0.72,129.64
20-07-2019 00:00,43.64,30.25,977.55,114.51,0.57,21.59,36.03,22.77,41.28,79.25,160,0.75,144.51
21-07-2019 00:00,48.66,29.44,977.15,98.09,0.59,23.22,39.07,32.13,43.02,83.06,179.25,0.89,129.3
22-07-2019 00:00,62.55,30.61,975.98,117.73,0.71,26.49,45.67,34.9,42.8,81.12,195.49,0.62,132.57
23-07-2019 00:00,68.11,32.98,974.55,154.57,0.96,31.73,45.13,31.47,49.39,70.69,195.61,0.53,125.48
24-07-2019 00:00,60.7,31.77,972.92,139.89,0.62,22.8,45.26,19.23,39.57,74.45,165.85,0.81,164.5
25-07-2019 00:00,22.82,27.71,975.03,62.95,1.96,17.53,36.74,20.97,40.25,87.51,62.13,0.94,152.3
26-07-2019 00:00,32.15,27.43,973.22,56.36,2.81,20.65,45.23,15.09,32.03,90.9,91.89,1.09,153.95
27-07-2019 00:00,24.27,27.48,973.34,42.49,0.41,13.7,47.99,21.59,37.03,92.14,104.16,1.16,108.89
28-07-2019 00:00,16.14,29.22,975.3,40.39,0.23,8.93,44.41,9.46,19.35,82.68,169.83,1.57,84.75
29-07-2019 00:00,14.94,30.66,976.54,49.23,0.33,9.04,40.16,10.47,22.54,74,152.53,1.46,84.39
30-07-2019 00:00,22.53,30.27,976.31,64.44,0.87,11.69,44.49,12.06,26.79,76.1,141.65,1.04,79.91
31-07-2019 00:00,22.79,30.83,975.45,60.24,0.61,10.22,43.85,9.32,22.74,71.98,156.56,1.21,84.2
01-08-2019 00:00,27.77,31.47,974.9,68.25,0.42,10.38,40.53,14.6,30.4,68.94,203.34,1.39,95.96
02-08-2019 00:00,34.55,30.02,973.8,77.95,0.29,12.56,40.4,12.69,27.93,79.03,141.46,0.99,149.48
03-08-2019 00:00,34.66,28.96,973.88,68.39,0.3,13.38,41.93,12.69,28.59,84.7,126.09,0.88,107.8
04-08-2019 00:00,46.75,29.95,972.79,83.15,0.27,13.18,40.62,19.3,34.63,82.86,156.02,0.6,164.44
05-08-2019 00:00,53.53,30.97,971.36,99.03,1.02,16.69,45.18,24.54,40.25,80.53,154.83,0.87,106.98
06-08-2019 00:00,33.95,27.37,971.79,61.77,0.73,16.22,45.49,24.28,41.05,93.11,52.24,0.83,123.63
07-08-2019 00:00,32.57,29.72,971.57,68.91,0.57,20.84,43,32.34,43.92,80.17,207.37,0.85,124.96
08-08-2019 00:00,17.26,32.08,971.27,54.47,0.2,11.11,36.47,13.41,26.04,68.94,241.44,1.15,81.36
09-08-2019 00:00,7.73,30.69,973.3,46.17,0.27,6.91,27.78,9.49,16.3,68.97,161.02,1.92,79
10-08-2019 00:00,13.17,29.64,974.23,39.92,0.13,5.09,29.88,12.55,20.27,78.41,165.82,2.2,96.27
11-08-2019 00:00,20.69,31.54,975.43,57.79,0.19,8.02,30.44,15.1,25.47,70.94,179.9,1.2,120.5
12-08-2019 00:00,29.2,29.89,975.32,57.5,0.31,8.9,31.38,14.48,25.11,83.1,99.06,0.46,204.6
13-08-2019 00:00,20.36,29.73,975.61,53.78,0.26,9.89,37.28,19.83,26.88,83.44,156.57,0.76,210.81
14-08-2019 00:00,40.99,29.27,976.96,64.32,0.36,14.35,40.29,20.32,33.02,87.79,166.88,0.46,191.66
15-08-2019 00:00,27.95,30.1,976.64,53.92,0.27,13.62,38.48,20.43,31.84,80.82,180.66,0.93,136.66
16-08-2019 00:00,11.04,28.56,975.26,33.81,0.1,3.85,30.14,11.24,18.68,82.32,142.31,1.57,81.55
17-08-2019 00:00,7.46,26.34,974.83,20.72,0.12,5.28,25.27,15.16,18.32,95.36,72.04,2.42,99.7
18-08-2019 00:00,26.6,26.87,977.98,46.9,0.3,10.56,24.42,22.19,29.26,91.78,95.21,0.68,201.31
19-08-2019 00:00,43.66,29.7,979.71,85.44,0.39,16.03,27.12,24.3,32.24,80.46,190.92,0.41,237.75
20-08-2019 00:00,42.06,30.43,978.93,87.51,0.36,15.77,37.1,21.59,31.73,76.61,187.62,0.5,248.5
21-08-2019 00:00,44.39,31.29,977.5,124.39,0.35,12.26,41.33,12.59,23.32,72.81,215.5,0.6,262.86
22-08-2019 00:00,40.5,29.46,978.2,119.67,0.69,20.44,41.03,29.46,46.92,75.27,139.67,0.55,208.46
23-08-2019 00:00,50.36,30.64,977.84,129.44,0.66,20.66,41.79,41.44,51.87,73.19,183.71,0.43,208.01
24-08-2019 00:00,59.93,29.88,978.16,133.71,0.68,22.54,47.99,26.48,42.87,79.31,113.05,0.53,181.56
25-08-2019 00:00,28.46,27.68,979.09,57.9,0.35,12.92,40.18,15.33,26.49,87.58,125.98,0.85,104.87
26-08-2019 00:00,18.19,29.97,978.59,57.15,0.38,14.14,33.86,20.97,30.84,76.45,206.35,1.21,111.12
27-08-2019 00:00,29.53,31.9,977.73,83.12,0.5,15.37,30.72,29.89,40.71,69.4,204.87,0.72,120.35
28-08-2019 00:00,35.39,32.51,978.73,89.51,0.29,14.63,32.93,31.06,42.63,67.97,199.62,1.13,100.68
29-08-2019 00:00,32.61,31.99,979.78,76.08,0.22,9.24,37.98,14.35,26.76,70.33,206.96,1.47,100.56
30-08-2019 00:00,30.72,31.97,977.24,78.44,0.25,10.3,32.92,13.3,26.78,68.4,192.48,0.86,113.84
31-08-2019 00:00,59.9,31.97,975.04,112.74,0.43,13.07,33.69,14.24,27.67,74.06,150.6,0.55,171.56
01-09-2019 00:00,26.3,29.32,977.42,64.9,0.24,10.13,38.15,13.55,28.66,79.78,112.68,1.18,117.58
02-09-2019 00:00,50.85,31.19,977.36,99.07,0.28,11.68,34.28,13.31,22.56,73.89,173.63,0.75,105.73
03-09-2019 00:00,71.35,31.89,976.06,133.28,0.4,13.28,36.74,9.83,31.05,72.78,159.41,0.35,222.63
04-09-2019 00:00,71.54,31.07,976.03,134.42,0.32,14.46,39.54,10.73,22.59,78.46,145.72,0.9,138.44
05-09-2019 00:00,27.99,30.76,976.34,76.52,0.21,10.32,35.38,17.76,30.61,76.95,162.35,1.2,94
06-09-2019 00:00,28.08,31.33,975.42,72.77,0.22,10.1,34.32,16.49,27.29,74.83,172,1.19,102.86
07-09-2019 00:00,28.83,29.96,976.06,74.59,0.23,10.16,30.36,17.07,27.54,80.98,133.45,1.18,111.65
08-09-2019 00:00,36.8,31.15,977.28,80.72,0.26,11.02,34.47,12.13,21.55,75.7,170.17,0.51,176.54
09-09-2019 00:00,65.99,31.91,975.61,128.07,0.29,10.09,38.87,14.56,26.68,72.42,160.31,0.4,282.11
10-09-2019 00:00,74.75,32.58,975.34,147.51,0.46,15.14,47.14,23.67,41.22,66.79,184.85,0.33,195.01
11-09-2019 00:00,77.75,33.17,976.92,168.68,1.72,15.22,44.96,29.89,50.06,65.16,174.74,0.79,93
12-09-2019 00:00,53.15,31.8,978.53,110.93,0.4,11.39,47.38,17.46,36.3,73.1,150.74,1.46,103.05
13-09-2019 00:00,27.97,31.49,979.51,71.24,0.24,7.7,37.97,15.67,29.78,71.37,169.09,1.32,99.41
14-09-2019 00:00,23.09,30.7,980.22,60.71,0.35,8.02,30.35,8.86,17.41,72.73,158.38,1.1,75.08
15-09-2019 00:00,34.79,29.74,980.31,73.38,0.32,7.55,31.14,19.45,28.35,78.88,116.62,0.84,113.37
16-09-2019 00:00,68.59,31.34,978.51,134.66,0.67,10.08,34.78,17.08,26.62,71.45,160.36,0.4,196.95
17-09-2019 00:00,57.74,31.7,979.41,129.86,0.57,11.27,35.72,10.38,19.54,64.81,172.53,0.68,181.32
18-09-2019 00:00,33.41,29.83,983.79,97.31,0.48,8.38,31.57,9.35,16.28,66.79,185.42,1.5,94.26
19-09-2019 00:00,18.84,27.94,985.96,59.55,0.33,7.63,27.51,9.15,13.6,74.64,124.93,1.55,92.47
20-09-2019 00:00,34.66,29.3,984.1,94.54,0.43,11.1,24.48,17.2,23.4,70.12,169.99,1.08,106.38
21-09-2019 00:00,37.97,28.58,982.83,86.34,0.38,9.49,26.98,15.97,20.92,77.49,148.14,0.71,125.5
22-09-2019 00:00,22.74,25.96,984.94,60.14,0.26,7.06,27.18,14.82,19.59,83.61,96.57,1.15,96.83
23-09-2019 00:00,29.81,27.15,986.06,75.6,0.26,7.27,27.03,16.36,21.18,79.34,133.19,0.81,131.47
24-09-2019 00:00,38.14,27.73,986.15,92.89,0.35,11.55,28.79,20.67,27.62,75.77,144.27,0.79,134.95
25-09-2019 00:00,25.75,28.29,987.35,73.12,0.26,7.8,28.41,16.18,23.62,74.61,208.84,0.95,100.25
26-09-2019 00:00,17.01,28.34,987.65,50.83,0.4,8.28,25.72,11.72,16.47,74.43,160.92,1.25,82.3
27-09-2019 00:00,10.6,27.13,986.47,41.78,0.89,6.11,22.68,12.41,19.14,77.77,133.92,1.19,75.26
28-09-2019 00:00,16.24,26.92,984.69,47.76,0.99,6.36,25.45,11.97,22.69,77.37,139.89,0.86,89.13
29-09-2019 00:00,12.9,26.16,985.53,37.23,0.6,5.63,22.92,10.06,19.89,81.58,137.14,0,0
30-09-2019 00:00,28.53,26.42,984.35,75.91,0.81,6.29,21.14,24.08,37.43,80.65,110.07,0.99,89.83
01-10-2019 00:00,30.08,26.93,983.71,77.94,1.19,6.37,23.25,24.81,37.39,79.49,147.31,1.26,102.04
02-10-2019 00:00,47.74,27.73,984.72,99.32,0.67,6.83,23.25,28.36,40.6,72.62,169.53,0.52,144.28
03-10-2019 00:00,50.43,28.18,984.7,117.65,0.77,7.83,24.34,34.55,50.59,70.47,164.3,0.49,189.73
04-10-2019 00:00,48.06,26.31,985.32,100.46,1.54,11.2,26.17,16.39,34.17,77.56,169.49,0.59,261.41
05-10-2019 00:00,45.99,26.28,985.13,107.18,3.31,15.55,25.16,17.75,32.55,65.77,195.93,0.49,273.56
06-10-2019 00:00,59.77,26.53,985.71,131.15,1.68,8.3,26.71,6.98,24.61,67.03,178.87,0.42,274.91
07-10-2019 00:00,60.41,26.5,986.7,136.97,1.2,11.47,25.99,3.74,19.81,67.31,143.95,0.53,269.7
08-10-2019 00:00,67.31,26.15,986.36,136.12,2.47,11.86,28.55,16.38,30.3,61.76,189.41,0.47,266.97
09-10-2019 00:00,99.09,26.37,986.66,200.05,4.4,19.31,30.85,67.42,80.65,61.73,170.65,0.39,206.24
10-10-2019 00:00,95.81,26.71,986.05,192.2,3.28,16.05,32.46,32.23,53.62,58.6,147,0.37,217.48
11-10-2019 00:00,107.12,26.63,985.55,199.11,4.61,22.19,35.34,40.12,62.23,61.38,161.4,0.28,254.08
12-10-2019 00:00,108.65,26.9,986.37,200.78,3.89,19.04,39.83,39.02,59.33,64.01,150.53,0.34,263.19
13-10-2019 00:00,142.03,26.72,986.84,246.67,1.9,10.6,42.19,47.99,66.86,62.36,132.26,0.28,262.62
14-10-2019 00:00,116.32,26.87,987.68,222.75,2.82,14.7,39.82,43.58,62.64,63.35,137.36,0.31,249.57
15-10-2019 00:00,158.58,27.18,988.4,298.46,6.41,32.98,43.85,66.43,86.67,63.53,133.44,0.3,220.84
16-10-2019 00:00,145,27.63,989.08,274.04,3.91,20.98,43,42.48,65.65,62.58,126.7,0.42,117.6
17-10-2019 00:00,122.16,27.17,988.84,232.59,3.3,19.62,38.06,31.61,53.47,60.26,129.01,0.68,106.91
18-10-2019 00:00,89.51,27.31,988.95,196.34,2.68,11.55,36.43,15.53,36.83,53.32,131.52,1.02,133.01
19-10-2019 00:00,86.27,26.02,989.98,179.22,4.42,23.86,32.92,31.96,53.79,55.78,117.04,0.35,251.07
20-10-2019 00:00,114.62,25.59,989.52,204.77,5.19,25.36,36,12.11,30.72,55.29,137.45,0.43,272.71
21-10-2019 00:00,127.17,24.57,987.79,234.62,4.53,23.11,35.24,21.51,42.35,53.64,133.7,0.5,261.28
22-10-2019 00:00,105.02,24.5,985.1,218.91,6.2,25.11,37.04,37.12,53.36,50.41,127.59,0.59,236.98
23-10-2019 00:00,144.3,24.74,984.42,296.48,5.91,33.69,48.95,41.33,54.92,53.64,135.76,0.37,237.4
24-10-2019 00:00,194.03,24.74,985.7,376.88,9.31,61.86,58.71,59.32,87.47,62.05,117.61,0.3,226.96
25-10-2019 00:00,140.45,24.1,987.15,284.22,5.3,35.52,50.43,40.16,61.76,56.67,121.59,0.64,153.01
26-10-2019 00:00,171.6,23.99,988.45,303.91,8.72,40.98,53.4,48.62,72.08,63.57,101.94,0.32,162.62
27-10-2019 00:00,242.15,24.26,987.65,360.74,8.72,38.23,50.19,53.39,73.37,59.2,116.54,0.42,234.09
28-10-2019 00:00,375.39,24.05,988.31,447.81,7.88,29.77,53.17,30.11,57.04,60.41,91.51,0.3,230.61
29-10-2019 00:00,328.69,23.46,988.99,477.19,9.17,38.32,56.73,175.95,181.3,70.24,59.62,0.24,237.47
30-10-2019 00:00,308.95,24.37,987.62,473.41,11.6,51.46,64.86,169.3,195.3,65.84,77.9,0.27,244.87
31-10-2019 00:00,339.01,23.49,986.91,496.17,12.01,60.71,73.17,86.78,104.86,69.4,83.1,0.22,249.4
01-11-2019 00:00,433.99,24.45,986.95,607.21,12.71,65.03,73.1,60.57,87.32,64.95,80.01,0.28,240.13
02-11-2019 00:00,347.97,23.97,988.49,475.29,9.99,40.76,68.2,29.05,47.52,66.7,63.62,0.37,247.75
03-11-2019 00:00,550.85,22.9,989.4,647.79,11.07,33.47,65.33,25.59,43.58,72.87,51.74,0.54,240.25
04-11-2019 00:00,287.43,23.58,989.07,387.61,8.03,30.58,51.64,25.49,40.07,63.23,91.18,0.49,252.12
05-11-2019 00:00,212.65,23.42,986.45,309.61,6.61,28.11,45.3,38.64,49.36,54.23,120.49,0.65,238.71
06-11-2019 00:00,104.58,23.7,984.68,220.47,5.76,31.43,43.15,54.33,67.48,49.78,108.01,0.68,156.15
07-11-2019 00:00,244.21,20.7,985.89,368.71,8.7,38.66,50.51,45.44,63.49,71.75,46.74,0.46,156.66
08-11-2019 00:00,185.62,22.01,988.2,288.6,9.29,44.57,50.68,67.57,78.91,68.82,102.29,0.24,245.42
09-11-2019 00:00,162.94,22.27,988.63,254.93,8.22,40.33,45.4,29.25,40.57,58.97,129.04,0.49,265.05
10-11-2019 00:00,230.48,22.09,988.88,329.75,7.89,30.71,45.29,20.7,36.15,45.89,151.38,0.44,267.06
11-11-2019 00:00,310.89,21.97,987.91,437.45,8.67,38.14,53.1,35.32,54.91,47.15,140.47,0.32,246.93
12-11-2019 00:00,455.14,19.83,988.79,584.54,9.61,42.94,54.05,36.09,57.95,56.71,102.48,0.3,251.16
13-11-2019 00:00,448.48,20.51,990.79,602.21,10.76,51.78,54.78,63.18,89.2,63.02,84.99,0.25,236.75
14-11-2019 00:00,465.2,20.38,991.6,657.64,12.23,61.42,56.87,94.77,126.6,72.01,56.76,0.27,194.79
15-11-2019 00:00,475.5,21.26,990.4,629.4,10.69,37.57,57.97,36.91,57.32,67.33,85.67,0.34,271.64
16-11-2019 00:00,197.93,22.1,989.95,321.88,7.56,25.85,53.65,14.58,27.81,58.77,106.6,0.66,270.03
17-11-2019 00:00,112,21.65,989.89,188.2,3.52,14.23,43.24,8.05,17.56,53.97,119.57,0.88,265.95
18-11-2019 00:00,122.76,20.01,989.6,208.27,5.34,19.34,41.29,34.42,43.5,62.64,109.99,0.6,244.03
19-11-2019 00:00,159.29,19.83,989.07,265.56,7.4,31.29,43.73,70.15,79.55,60.54,100.11,0.42,226.98
20-11-2019 00:00,201.62,19.61,989.61,326.61,7.75,36.36,47.4,74.09,86.34,62.08,98.21,0.26,236.19
21-11-2019 00:00,280.82,19.59,991.52,457.91,9.54,56.64,55.52,36.66,68.88,65.43,86.01,0.24,239.1
22-11-2019 00:00,262.8,20.25,991.55,403.56,10.45,39.16,58.52,62.12,82.42,63.68,90.84,0.28,246.9
23-11-2019 00:00,169.44,20.53,990.88,289.79,7.42,32,56.45,24.48,40.31,57.65,81.99,0.54,251.53
24-11-2019 00:00,133.49,21.22,990.14,230.32,5.63,19.48,51.32,11.71,25.9,58.57,86.75,0.48,255.71
25-11-2019 00:00,169.33,20.54,990.76,298.54,5.92,31.42,49.55,40.16,53.68,60.98,87.97,0.3,264.77
26-11-2019 00:00,135.35,21.68,990.31,274.9,7.62,31.43,51.46,67.2,74.14,54.8,77.89,0.52,231.34
27-11-2019 00:00,85.38,20.39,990.37,171.92,4.75,15.8,47.13,19.64,32.4,62.55,73.44,0.64,191.55
28-11-2019 00:00,41.32,18.61,991.5,80.06,2.32,12.78,36.97,9.49,18.62,68.12,75.55,1.1,144.97
29-11-2019 00:00,90.71,18.03,991.6,154.68,5.08,21.66,35.69,26.54,35.41,74.45,96.06,0.47,266.08
30-11-2019 00:00,132.39,17.45,991.69,210.15,7.55,28.52,41.22,23.1,32.46,78.63,91.94,0.52,271.09
01-12-2019 00:00,167.24,16.55,991.43,246.79,6.25,21.18,38.14,23.33,34.51,68.79,98.64,0.47,257.98
02-12-2019 00:00,186.68,16.17,992.04,288.14,8.05,24.76,38.37,37.86,49.61,62.64,101.87,0.52,252
03-12-2019 00:00,173.8,16.41,991.5,281.51,4.98,11.01,38.59,45.54,57.29,54.51,105.48,0.51,245.53
04-12-2019 00:00,241.6,16.08,993.53,374.11,6.88,23.46,42.98,42.02,58.09,57.72,93.5,0.31,249
05-12-2019 00:00,366.99,15.35,995.61,535.1,12.85,56.7,53.22,75.85,104.26,71.73,78.89,0.25,264.76
06-12-2019 00:00,308.34,16.5,994.82,456.78,10.89,55.26,56.06,76.54,85.91,75.33,81.19,0.29,255.6
07-12-2019 00:00,342.76,16.56,993.77,451.86,10.57,43.63,52.76,57.4,79.85,76.81,79.4,0.26,254.73
08-12-2019 00:00,369.04,16.19,993.57,474.15,10.36,53.31,57.64,47.35,75.68,75.16,78.5,0.27,258.96
09-12-2019 00:00,289.61,15.77,992.87,389.34,9.89,44.99,69.68,78.24,97.35,71.17,86.55,0.28,266.14
10-12-2019 00:00,313.76,15.58,990.26,424.58,10.88,42.7,71.56,79.82,95.37,69.38,84.27,0.31,245.3
11-12-2019 00:00,386.81,15.72,989.08,524.94,8.52,50.02,74.31,31.82,62.34,72.55,72.65,0.51,187.99
12-12-2019 00:00,298.57,16.59,987.95,413.92,6,26.69,74.34,40.94,62.07,70.95,55.02,1.12,130.21
13-12-2019 00:00,124.47,15.31,988.34,149.2,4.04,15.25,50.99,8.87,23.89,89.49,47.34,1.12,163.39
14-12-2019 00:00,151.1,14,994.44,198.74,5.94,21.51,44.21,31.49,42.59,85.35,68.79,0.38,222.26
15-12-2019 00:00,144.99,14.17,994.04,195.33,0,44.6,47.99,22.64,33.57,82.78,87.37,0.6,252.77
16-12-2019 00:00,149.83,11.5,994.57,197.33,8.62,33.32,50.74,7.39,20.33,87.84,31.42,0.9,267.01
17-12-2019 00:00,161.85,10.99,995.72,201.45,7.83,13.92,66.72,32.38,44.2,83.59,48.42,0.74,264.82
18-12-2019 00:00,238.21,11.93,994.47,299.12,6.97,17.72,73.06,33.9,53.94,77.76,95.52,0.58,255.45
19-12-2019 00:00,277.77,10.02,993.47,396.89,11.33,24.78,77.87,77.36,93.31,91.76,78.22,0.74,136.75
20-12-2019 00:00,383.96,12.01,990.84,513.94,14.03,31.65,84.47,63.61,92.73,87.59,66.31,0.43,252.44
21-12-2019 00:00,321.4,13.11,991.62,429.08,13.39,32.54,97.09,51.14,71.1,85.26,67.76,0.53,268.17
22-12-2019 00:00,192.02,11.38,992.9,249.3,9.63,17.79,87.3,12.1,30.53,87.91,89.53,0.8,270.11
23-12-2019 00:00,255.36,10.57,992.19,324.91,9.36,22.7,81.11,34.61,51.86,82.13,88.4,0.69,269.26
24-12-2019 00:00,343.88,10.62,994.14,492.47,10.3,29.94,90.04,50.45,75.97,83.25,73.34,0.49,182.56
25-12-2019 00:00,237.15,9.06,993.05,335.04,12.24,26.11,78.23,18.26,34.86,85.5,74.7,0.84,272.95
26-12-2019 00:00,264.71,8.85,992.39,375.69,9.55,16.5,82.94,22.39,40.16,79.79,75.54,0.67,270.39
27-12-2019 00:00,301.45,8.68,993.27,442.05,9.51,17.83,84.87,34.27,56.9,78.34,81.16,0.45,272.21
28-12-2019 00:00,370.77,7.46,994.05,555.46,14.18,26.59,89.37,83.73,96.25,87.14,64.78,0.41,248.17
29-12-2019 00:00,451.81,8.96,994.5,644.74,11.71,26.93,93.31,45.78,72.19,80.63,76.26,0.43,236.9
30-12-2019 00:00,378.19,6.44,994.18,562.15,13.12,26.31,85.92,85.42,94.81,96.93,27.74,0.88,148.81
31-12-2019 00:00,378.79,8.12,995.29,301.17,7.46,21.04,79.1,20.02,34.34,77.87,116.83,1.04,145.79
01-01-2020 00:00,513.97,10.67,995.89,568,9.05,42.52,91.16,61.3,79.92,78.65,127.05,0.46,192.66
02-01-2020 00:00,438.2,13.37,995.52,546.41,9.41,53.19,83.95,52.96,78.3,75.81,119.94,0.31,199.02
03-01-2020 00:00,313.01,14.96,993.3,413.42,6.58,57.84,79.81,22.05,38.91,73.89,132.64,0.38,181.4
04-01-2020 00:00,281.33,14.27,992.03,372.94,10.65,41.59,75.26,68.51,84.75,75.04,116.48,0.38,263.41
05-01-2020 00:00,217.18,14.27,992.54,288.9,9.13,24.68,69.62,38.78,54.82,66.19,125.44,0.53,244.98
06-01-2020 00:00,185.65,14.58,993.49,263.22,8.68,22.26,68.69,50.16,66.59,65.53,66.42,0.57,245.37
07-01-2020 00:00,125.48,14.98,991.75,174.62,6.22,17.18,65.51,35.38,49.31,75.74,64.24,0.97,104.03
08-01-2020 00:00,168.21,13.27,989.47,188.86,7.47,17.42,62.84,36.92,46.06,95.21,17.78,0.65,214.59
09-01-2020 00:00,156.46,10.91,993.95,192.86,7.04,15.22,59.84,11.91,20.99,82.07,169.35,0.91,271.57
10-01-2020 00:00,214.69,11.05,994.15,287.99,7.65,23.72,63.63,38.51,61.26,78.45,148.97,0.73,267.4
11-01-2020 00:00,287.22,12.38,993.93,367.32,10.33,28.36,70.64,56.78,74,66.1,155.6,0.54,257.37
12-01-2020 00:00,332.58,13.97,991.04,415.36,10.03,38.4,70.53,74.65,88.71,68.48,149.94,0.38,237.59
13-01-2020 00:00,291.56,14.64,986.96,408.43,11.27,33.41,67.2,52.21,69.17,76.12,85.49,1.21,153.21
14-01-2020 00:00,172.45,13.27,989.9,216.01,9.91,22.1,62.33,20.38,33.62,83.15,112.28,0.66,282.57
15-01-2020 00:00,173.56,13.27,991.07,242.57,10.26,26.08,62.03,29.65,44.61,78.79,126.46,0.58,286.58
16-01-2020 00:00,195.81,12.48,989.86,249.95,11.43,21.73,61.9,29.66,43.08,86.28,56.14,0.56,281.59
17-01-2020 00:00,156.31,13.49,991.06,196.02,8.9,22.43,59.01,26.15,35.81,90.13,111.02,0.65,269.58
18-01-2020 00:00,195.38,12.35,992.84,271.75,12.22,29.65,58.13,45.31,56.74,88.37,91.47,0.51,274.49
19-01-2020 00:00,177.44,11.19,993.66,244.15,8.14,14.75,56.71,11.38,23.52,80.91,147.87,0.94,258
20-01-2020 00:00,215.07,11.78,992.85,289.44,7.64,17.52,55.33,25.84,36.74,86.42,96.88,0.61,237.03
21-01-2020 00:00,237.11,13.37,993.84,357.33,10.48,23.08,57.35,44.23,52.48,83.3,127.63,0.86,140.29
22-01-2020 00:00,262.93,12.94,995.13,383.45,12.8,31.96,58.91,52.28,60.48,84.15,130.68,0.69,261.24
23-01-2020 00:00,101.35,14.06,993.25,154.52,6.06,13.23,55.48,7.96,21.97,55.92,188.22,1.16,257.62
24-01-2020 00:00,128.4,13.86,990.87,194.4,6.49,15.4,51.67,18.88,33.59,50.14,173.75,1.07,251.84
25-01-2020 00:00,202.55,13.7,991.18,286.99,8.87,24.05,51.73,57.57,71.47,61.54,160.88,0.47,253.35
26-01-2020 00:00,276.25,14.47,989.41,375.34,8.87,34.68,52.96,95.6,100.17,68.74,154.79,0.5,245.35
27-01-2020 00:00,270.79,15.56,987.21,399.8,10.54,29.27,57.79,82.94,99.64,67.5,86.59,0.67,197.78
28-01-2020 00:00,124.65,15.64,986.14,169.39,6.76,15.32,56.22,25.25,41.46,78.65,103.69,1.11,136.25
29-01-2020 00:00,129.36,14.78,991.45,174.65,7.08,18.28,53.07,28.64,40.76,73.8,151.55,0.64,285.74
30-01-2020 00:00,131.98,14.2,992.1,196.28,8.54,20.83,51.84,23.12,37.36,72,156.61,0.74,265.48
31-01-2020 00:00,132.5,13.11,990.06,193.74,8.03,16.15,49.42,25.4,39.84,66.8,173.12,0.72,260.78
01-02-2020 00:00,166.95,13.49,992.75,250.74,9.92,18.95,47.56,48.05,58.8,71.01,150.57,0.55,266.72
02-02-2020 00:00,198.59,13.1,994.29,276.61,9.9,19.01,46.28,32.12,46.29,70.87,161.88,0.68,258.81
03-02-2020 00:00,249.44,14,993.09,334.12,7.99,21.12,47.21,43.28,57.94,62.69,171.96,0.48,245.36
04-02-2020 00:00,315.01,13.87,991.69,453.91,9.3,33.28,52.13,72.39,88.53,64.38,147.18,0.53,200.45
05-02-2020 00:00,188.54,14.54,991.69,274.34,9.35,19.47,49.69,37.61,53.38,63.9,154.55,0.63,266.29
06-02-2020 00:00,192.73,13.78,991.07,269.94,6.88,15.52,46.56,30.39,46.22,62.57,166.12,0.59,258.15
07-02-2020 00:00,231.01,13.58,993.3,339.02,11.01,25.01,40.51,74.76,84.88,65.73,141.86,0.52,259.41
08-02-2020 00:00,200.06,14.48,995.21,277.18,8.72,17.31,28.49,24.78,39.27,63.34,152.31,0.69,259.36
09-02-2020 00:00,223.5,14.66,995.76,319.83,9.27,18.81,23.28,29.76,45.27,63.91,161.97,0.52,251.27
10-02-2020 00:00,255.76,14.45,993.86,367.82,10.76,25.31,24.04,60.13,72.76,65.95,155.57,0.49,253.7
11-02-2020 00:00,241.73,15.08,994.16,359.85,9.24,37.83,24.44,77.68,88.37,62.56,162.71,0.4,258.61
12-02-2020 00:00,198.4,17.18,993.49,308.86,8.14,21.96,25.54,34.59,48.91,59.47,154.39,0.92,245.55
13-02-2020 00:00,101.35,19.65,990.4,181.88,5.04,11.66,25.82,6.42,19.82,49.27,173.24,1.28,248.32
14-02-2020 00:00,77.45,19.16,987.55,165.52,4.35,9.77,24.1,4.57,15.26,46.39,176.29,1.5,259.34
15-02-2020 00:00,97.42,18.24,987.85,189.55,5.5,12.26,21.2,10.15,25.65,41.18,177.26,1.09,256.12
16-02-2020 00:00,179.33,18.25,990.97,281.12,6.05,19.46,20.53,27.38,43.16,50.82,178.8,0.66,247.08
17-02-2020 00:00,183.8,18.62,992.09,304.21,9.31,22.29,20.84,41.69,56.21,52.41,176.51,0.73,247.26
18-02-2020 00:00,170.77,18.54,989.58,286.01,7.85,17.05,20.8,34.35,74.11,44.1,181.3,0.78,246.37
19-02-2020 00:00,154.95,18.46,988.83,350.6,9.21,23.63,22.42,35.81,131.14,55.09,134.86,1.42,133.12
20-02-2020 00:00,108.25,20.59,988.15,276.34,4.48,8.76,22.32,12.98,32.68,50.23,160.89,2.32,107.46
21-02-2020 00:00,62.93,16.75,991.84,97.92,3.27,8.7,21.04,7.81,20.36,74.42,69.04,1.38,205.72
22-02-2020 00:00,90.74,18,995.03,151.74,6,15.28,22.22,36.91,46.81,71.73,146.87,0.54,200.58
23-02-2020 00:00,111.52,19.75,992.74,179.08,6.87,17.88,21.41,37.67,46.62,67.24,145.76,0.48,257.03
24-02-2020 00:00,84.86,19.61,989.43,159.28,5.37,14.4,20.4,23.74,37.5,63.39,171.32,0.56,280.93
25-02-2020 00:00,142.78,19.84,988.24,236.84,7.27,19.11,20.95,23.66,37.12,66.57,158.86,0.58,257.83
26-02-2020 00:00,150.07,20.71,989.03,267,7.94,20.47,23.32,46.37,56.99,63.98,159.03,0.56,212.19
27-02-2020 00:00,101.64,20.49,989.8,211.42,5.2,11.57,24.75,25.25,39.53,69.6,136.57,1.12,98.64
28-02-2020 00:00,88.16,20.64,988.57,169.54,3.93,6.54,27.62,9.38,22.98,68.36,144.06,2.26,105.12
29-02-2020 00:00,63.16,19.75,987.75,117.28,3.31,6.58,25.5,9.25,21.97,72.78,131.68,1.92,114.16
01-03-2020 00:00,67.65,20.21,988.22,119.97,4.23,10.42,24.5,35.62,45.84,69.59,172.36,0.82,138.85
02-03-2020 00:00,122.18,21.21,987.53,219.79,8.47,21.6,23.98,89.21,91.92,72.09,145.76,0.36,249.38
03-03-2020 00:00,87.61,21.63,986.07,183.82,6.5,18.35,25.2,49.78,57.28,60.02,179.74,0.49,257.89
04-03-2020 00:00,100.67,20.97,985.69,223.34,5.66,16.16,25.11,53.4,61.56,60.7,160.82,1.43,173.86
05-03-2020 00:00,28.35,19.48,985.91,67.52,2.51,8.51,41.42,16.85,37.64,67.54,144.68,1.64,135.01
06-03-2020 00:00,21.52,16.37,984.96,42.68,1.96,6.83,61.7,18.84,42.53,82.16,114.27,1.73,114.94
07-03-2020 00:00,57.01,16.88,989.29,107.93,3.41,8.17,55.99,34.06,57.85,79.37,120.12,1.37,109.33
08-03-2020 00:00,73.54,18.99,990.66,133.11,6.1,13,54.8,47.81,61.56,65.93,221.28,0.66,257.05
09-03-2020 00:00,67.17,18.7,987.81,132.2,4.68,10.59,52.47,14.33,33.83,58.72,226.15,1.02,265.52
10-03-2020 00:00,89.28,19.06,986.86,159.41,4.61,8.51,47.88,13.71,34.28,58.99,201.19,0.9,197.69
11-03-2020 00:00,53.65,20.85,984.73,110.58,2.76,6.38,46.08,13.41,36.37,64.16,194.15,2.19,113.37
12-03-2020 00:00,58.69,21.36,986.76,160.46,2.95,6.15,41.87,42.73,64.7,61.15,186.85,1.22,156.33
13-03-2020 00:00,62.6,21.57,988.42,184.14,3.8,9.03,45.26,50.83,70.17,48.05,210.73,0.81,169.96
14-03-2020 00:00,42.15,17.82,989.79,84.45,2.76,8.58,44.29,16.67,39.82,80.86,102.36,0.93,174.92
15-03-2020 00:00,62.27,18.1,991.33,121.93,4.15,11.41,41.16,29.48,50.29,69.05,208.13,0.57,208.94
16-03-2020 00:00,61.94,19.87,990.86,136.34,4.4,12.26,43.78,14.69,36.98,64.89,191.29,0.71,271.14
17-03-2020 00:00,74.2,21.23,990.83,148.74,5.46,13.74,45.44,22.17,44.53,60.87,225.89,0.78,272.27
18-03-2020 00:00,67.17,22.49,989.1,140.64,5.51,15.94,44.19,30.08,52.22,58.05,220.61,0.75,264.58
19-03-2020 00:00,88,18.75,987.65,193,10.3,34.15,46.9,117.75,129.35,82.2,19.25,0.1,278.2
