Date,PM2.5 Anand vihar,PM2.5 Bawana,PM2.5 DTU,PM2.5 Vivek Vihar
09-07-2015,67.4,0.0,0,0
10-07-2015,59.24,0.0,0,0
11-07-2015,23,0.0,0,0
12-07-2015,0,0.0,0,0
13-07-2015,0,0.0,0,0
14-07-2015,63.87,0.0,0,0
15-07-2015,79.62,0.0,0,0
16-07-2015,81.78,0.0,0,0
17-07-2015,87.48,0.0,0,0
18-07-2015,86.36,0.0,0,0
19-07-2015,87.15,0.0,0,0
20-07-2015,54.02,0.0,0,0
21-07-2015,38.72,0.0,0,0
22-07-2015,44.88,0.0,0,0
23-07-2015,41.03,0.0,0,0
24-07-2015,56.22,0.0,0,0
25-07-2015,51.5,0.0,0,0
26-07-2015,30.16,0.0,0,0
27-07-2015,21.75,0.0,0,0
28-07-2015,19.91,0.0,0,0
29-07-2015,15.29,0.0,0,0
30-07-2015,23.39,0.0,0,0
31-07-2015,48.81,0.0,0,0
01-08-2015,52.98,0.0,0,0
02-08-2015,64.22,0.0,0,0
03-08-2015,99.29,0.0,0,0
04-08-2015,80.51,0.0,0,0
05-08-2015,72.57,0.0,0,0
06-08-2015,95.03,0.0,0,0
07-08-2015,77.88,0.0,0,0
08-08-2015,85.66,0.0,0,0
09-08-2015,60.95,0.0,0,0
10-08-2015,123.26,0.0,0,0
11-08-2015,125.39,0.0,0,0
12-08-2015,51.61,0.0,0,0
13-08-2015,64.54,0.0,0,0
14-08-2015,76.14,0.0,0,0
15-08-2015,60.25,0.0,0,0
16-08-2015,81.04,0.0,0,0
17-08-2015,91.03,0.0,0,0
18-08-2015,87.9,0.0,0,0
19-08-2015,52.11,0.0,0,0
20-08-2015,84.92,0.0,0,0
21-08-2015,81.36,0.0,0,0
22-08-2015,52.3,0.0,0,0
23-08-2015,58.16,0.0,0,0
24-08-2015,46.91,0.0,0,0
25-08-2015,79.38,0.0,0,0
26-08-2015,96.83,0.0,0,0
27-08-2015,97.92,0.0,0,0
28-08-2015,88.81,0.0,0,0
29-08-2015,95.03,0.0,0,0
30-08-2015,81.15,0.0,0,0
31-08-2015,69.67,0.0,0,0
01-09-2015,99.86,0.0,0,0
02-09-2015,110.16,0.0,0,0
03-09-2015,103.97,0.0,0,0
04-09-2015,105.35,0.0,0,0
05-09-2015,95.65,0.0,0,0
06-09-2015,67.09,0.0,0,0
07-09-2015,69.7,0.0,0,0
08-09-2015,81.38,0.0,0,0
09-09-2015,69,0.0,0,0
10-09-2015,66.91,0.0,0,0
11-09-2015,79.69,0.0,0,0
12-09-2015,99.6,0.0,0,0
13-09-2015,121.93,0.0,0,0
14-09-2015,145.92,0.0,0,0
15-09-2015,119.58,0.0,0,0
16-09-2015,104.56,0.0,0,0
17-09-2015,102.52,0.0,0,0
18-09-2015,61.57,0.0,0,0
19-09-2015,91.36,0.0,0,0
20-09-2015,78.24,0.0,0,0
21-09-2015,54.87,0.0,0,0
22-09-2015,32.85,0.0,0,0
23-09-2015,37.53,0.0,0,0
24-09-2015,91.36,0.0,0,0
25-09-2015,98.92,0.0,0,0
26-09-2015,104.2,0.0,0,0
27-09-2015,106.14,0.0,0,0
28-09-2015,74.01,0.0,0,0
29-09-2015,75.73,0.0,0,0
30-09-2015,65.33,0.0,0,0
01-10-2015,91.14,0.0,0,0
02-10-2015,97.71,0.0,0,0
03-10-2015,115.95,0.0,0,0
04-10-2015,187.12,0.0,0,0
05-10-2015,285.35,0.0,0,0
06-10-2015,197.59,0.0,0,0
07-10-2015,156.92,0.0,0,0
08-10-2015,192.27,0.0,0,0
09-10-2015,202.44,0.0,0,0
10-10-2015,277.19,0.0,0,0
11-10-2015,174.52,0.0,0,0
12-10-2015,165.44,0.0,0,0
13-10-2015,104.96,0.0,0,0
14-10-2015,84.21,0.0,0,0
15-10-2015,128.66,0.0,0,0
16-10-2015,187.88,0.0,0,0
17-10-2015,0,0.0,0,0
18-10-2015,207.81,0.0,0,0
19-10-2015,233.43,0.0,0,0
20-10-2015,272.21,0.0,0,0
21-10-2015,206.15,0.0,0,0
22-10-2015,125.19,0.0,0,0
23-10-2015,181.4,0.0,0,0
24-10-2015,245.74,0.0,0,0
25-10-2015,177.02,0.0,0,0
26-10-2015,130.49,0.0,0,0
27-10-2015,130.22,0.0,0,0
28-10-2015,132.86,0.0,0,0
29-10-2015,117.94,0.0,0,0
30-10-2015,121.02,0.0,0,0
31-10-2015,0,0.0,0,0
01-11-2015,248.86,0.0,0,0
02-11-2015,285.62,0.0,0,0
03-11-2015,360.54,0.0,0,0
04-11-2015,405.7,0.0,0,0
05-11-2015,183.62,0.0,0,0
06-11-2015,183.58,0.0,0,0
07-11-2015,483.17,0.0,0,0
08-11-2015,257.09,0.0,0,0
09-11-2015,306.27,0.0,0,0
10-11-2015,347.05,0.0,0,0
11-11-2015,261.01,0.0,0,0
12-11-2015,397.74,0.0,0,0
13-11-2015,453.84,0.0,0,0
14-11-2015,332.7,0.0,0,0
15-11-2015,365.48,0.0,0,0
16-11-2015,289.89,0.0,0,0
17-11-2015,180.72,0.0,0,0
18-11-2015,316.04,0.0,0,0
19-11-2015,387.08,0.0,0,0
20-11-2015,361,0.0,0,0
21-11-2015,477.25,0.0,0,0
22-11-2015,359.94,0.0,0,0
23-11-2015,321.31,0.0,0,0
24-11-2015,361.2,0.0,0,0
25-11-2015,207.18,0.0,0,0
26-11-2015,303.63,0.0,0,0
27-11-2015,290.82,0.0,0,0
28-11-2015,228.28,0.0,0,0
29-11-2015,370.93,0.0,0,0
30-11-2015,449.01,0.0,0,0
01-12-2015,259.23,0.0,0,0
02-12-2015,228.01,0.0,0,0
03-12-2015,271.6,0.0,0,0
04-12-2015,287.07,0.0,0,0
05-12-2015,349.46,0.0,0,0
06-12-2015,283.32,0.0,0,0
07-12-2015,362.2,0.0,0,0
08-12-2015,476.98,0.0,0,0
09-12-2015,353.83,0.0,0,0
10-12-2015,272.01,0.0,0,0
11-12-2015,270.11,0.0,0,0
12-12-2015,268.74,0.0,0,0
13-12-2015,213.81,0.0,0,0
14-12-2015,193.17,0.0,0,0
15-12-2015,0,0.0,0,0
16-12-2015,0,0.0,0,0
17-12-2015,0,0.0,0,0
18-12-2015,0,0.0,0,0
19-12-2015,0,0.0,0,0
20-12-2015,0,0.0,0,0
21-12-2015,0,0.0,0,0
22-12-2015,463.21,0.0,0,0
23-12-2015,478.01,0.0,0,0
24-12-2015,199,0.0,0,0
25-12-2015,188.87,0.0,0,0
26-12-2015,209.67,0.0,0,0
27-12-2015,215.43,0.0,0,0
28-12-2015,202.83,0.0,0,0
29-12-2015,194,0.0,0,0
30-12-2015,287.57,0.0,0,0
31-12-2015,293.47,0.0,0,0
01-01-2016,360.81,0.0,0,0
02-01-2016,327.92,0.0,0,0
03-01-2016,341.32,0.0,0,0
04-01-2016,480.07,0.0,0,0
05-01-2016,433.35,0.0,0,0
06-01-2016,371.8,0.0,0,0
07-01-2016,468.02,0.0,0,0
08-01-2016,519.59,0.0,0,0
09-01-2016,169.49,0.0,0,0
10-01-2016,281.57,0.0,0,0
11-01-2016,413.43,0.0,0,0
12-01-2016,286.47,0.0,0,0
13-01-2016,313.12,0.0,0,0
14-01-2016,259.66,0.0,0,0
15-01-2016,182.75,0.0,0,0
16-01-2016,143.24,0.0,0,0
17-01-2016,200.17,0.0,0,0
18-01-2016,338.49,0.0,0,0
19-01-2016,322.07,0.0,0,0
20-01-2016,307.6,0.0,0,0
21-01-2016,234.43,0.0,0,0
22-01-2016,301.62,0.0,0,0
23-01-2016,361.85,0.0,0,0
24-01-2016,388.78,0.0,0,0
25-01-2016,276.25,0.0,0,0
26-01-2016,376.13,0.0,0,0
27-01-2016,332.5,0.0,0,0
28-01-2016,351.51,0.0,0,0
29-01-2016,392.75,0.0,0,0
30-01-2016,348.4,0.0,0,0
31-01-2016,0,0.0,0,0
01-02-2016,0,0.0,0,0
02-02-2016,0,0.0,0,0
03-02-2016,113.95,0.0,0,0
04-02-2016,144.67,0.0,0,0
05-02-2016,262.94,0.0,0,0
06-02-2016,416.39,0.0,0,0
07-02-2016,168.67,0.0,0,0
08-02-2016,117.7,0.0,0,0
09-02-2016,172.17,0.0,0,0
10-02-2016,260.17,0.0,0,0
11-02-2016,218.93,0.0,0,0
12-02-2016,193.58,0.0,0,0
13-02-2016,147.24,0.0,0,0
14-02-2016,89.88,0.0,0,0
15-02-2016,123.71,0.0,0,0
16-02-2016,139.89,0.0,0,0
17-02-2016,131.88,0.0,0,0
18-02-2016,160.49,0.0,0,0
19-02-2016,211.15,0.0,0,0
20-02-2016,192.44,0.0,0,0
21-02-2016,69.52,0.0,0,0
22-02-2016,96.64,0.0,0,0
23-02-2016,0,0.0,0,0
24-02-2016,79,0.0,0,0
25-02-2016,166.81,0.0,0,0
26-02-2016,0,0.0,0,0
27-02-2016,0,0.0,0,0
28-02-2016,0,0.0,0,0
29-02-2016,161.77,0.0,0,0
01-03-2016,354.19,0.0,0,0
02-03-2016,295.66,0.0,0,0
03-03-2016,212.29,0.0,0,0
04-03-2016,0,0.0,0,0
05-03-2016,0,0.0,0,0
06-03-2016,104.93,0.0,0,0
07-03-2016,120.99,0.0,0,0
08-03-2016,80.18,0.0,0,0
09-03-2016,87.8,0.0,0,0
10-03-2016,235.62,0.0,0,0
11-03-2016,0,0.0,0,0
12-03-2016,0,0.0,0,0
13-03-2016,0,0.0,0,0
14-03-2016,0,0.0,0,0
15-03-2016,0,0.0,0,0
16-03-2016,62.29,0.0,0,0
17-03-2016,92.01,0.0,0,0
18-03-2016,0,0.0,0,0
19-03-2016,0,0.0,0,0
20-03-2016,83.55,0.0,0,0
21-03-2016,66.11,0.0,0,0
22-03-2016,46.74,0.0,0,0
23-03-2016,58.74,0.0,0,0
24-03-2016,0,0.0,0,0
25-03-2016,85.84,0.0,0,0
26-03-2016,49.98,0.0,0,0
27-03-2016,0,0.0,0,0
28-03-2016,55.29,0.0,0,0
29-03-2016,116,0.0,0,0
30-03-2016,66.17,0.0,0,0
31-03-2016,0,0.0,0,0
01-04-2016,0,0.0,0,0
02-04-2016,0,0.0,0,0
03-04-2016,130.57,0.0,0,0
04-04-2016,185.15,0.0,0,0
05-04-2016,0,0.0,0,0
06-04-2016,73.53,0.0,0,0
07-04-2016,145.41,0.0,0,0
08-04-2016,107.12,0.0,0,0
09-04-2016,275.11,0.0,0,0
10-04-2016,179.78,0.0,0,0
11-04-2016,69.18,0.0,0,0
12-04-2016,55.28,0.0,0,0
13-04-2016,65.36,0.0,0,0
14-04-2016,116.47,0.0,0,0
15-04-2016,215.29,0.0,0,0
16-04-2016,0,0.0,0,0
17-04-2016,132.14,0.0,0,0
18-04-2016,121.37,0.0,0,0
19-04-2016,153.45,0.0,0,0
20-04-2016,131.44,0.0,0,0
21-04-2016,75.79,0.0,0,0
22-04-2016,0,0.0,0,0
23-04-2016,0,0.0,0,0
24-04-2016,39.13,0.0,0,0
25-04-2016,118.55,0.0,0,0
26-04-2016,212.23,0.0,0,0
27-04-2016,309.9,0.0,0,0
28-04-2016,263.81,0.0,0,0
29-04-2016,242.55,0.0,0,0
30-04-2016,0,0.0,0,0
01-05-2016,0,0.0,0,0
02-05-2016,0,0.0,0,0
03-05-2016,163.79,0.0,0,0
04-05-2016,96.97,0.0,0,0
05-05-2016,60.68,0.0,0,0
06-05-2016,64.67,0.0,0,0
07-05-2016,107,0.0,0,0
08-05-2016,95.79,0.0,0,0
09-05-2016,77.05,0.0,0,0
10-05-2016,76.78,0.0,0,0
11-05-2016,64.33,0.0,0,0
12-05-2016,115.28,0.0,0,0
13-05-2016,130.14,0.0,0,0
14-05-2016,140.07,0.0,0,0
15-05-2016,140.59,0.0,0,0
16-05-2016,120.1,0.0,0,0
17-05-2016,89.42,0.0,0,0
18-05-2016,120.38,0.0,0,0
19-05-2016,86.54,0.0,0,0
20-05-2016,68.28,0.0,0,0
21-05-2016,64.06,0.0,0,0
22-05-2016,0,0.0,0,0
23-05-2016,0,0.0,0,0
24-05-2016,0,0.0,0,0
25-05-2016,0,0.0,0,0
26-05-2016,0,0.0,0,0
27-05-2016,0,0.0,0,0
28-05-2016,0,0.0,0,0
29-05-2016,0,0.0,0,0
30-05-2016,98.41,0.0,0,0
31-05-2016,136.63,0.0,0,0
01-06-2016,121.56,0.0,0,0
02-06-2016,129.37,0.0,0,0
03-06-2016,246.9,0.0,0,0
04-06-2016,275.86,0.0,0,0
05-06-2016,100.78,0.0,0,0
06-06-2016,132.36,0.0,0,0
07-06-2016,97.51,0.0,0,0
08-06-2016,78.25,0.0,0,0
09-06-2016,77.07,0.0,0,0
10-06-2016,87.75,0.0,0,0
11-06-2016,98.74,0.0,0,0
12-06-2016,109.66,0.0,0,0
13-06-2016,115.32,0.0,0,0
14-06-2016,72.41,0.0,0,0
15-06-2016,110.91,0.0,0,0
16-06-2016,48.04,0.0,0,0
17-06-2016,62.18,0.0,0,0
18-06-2016,59.34,0.0,0,0
19-06-2016,58.83,0.0,0,0
20-06-2016,53.49,0.0,0,0
21-06-2016,44.48,0.0,0,0
22-06-2016,55.59,0.0,0,0
23-06-2016,72.27,0.0,0,0
24-06-2016,123.26,0.0,0,0
25-06-2016,81.73,0.0,0,0
26-06-2016,64.9,0.0,0,0
27-06-2016,64.22,0.0,0,0
28-06-2016,54.3,0.0,0,0
29-06-2016,37.35,0.0,0,0
30-06-2016,53.72,0.0,0,0
01-07-2016,56.7,0.0,0,0
02-07-2016,46.53,0.0,0,0
03-07-2016,67.03,0.0,0,0
04-07-2016,51.79,0.0,0,0
05-07-2016,89.24,0.0,0,0
06-07-2016,68.28,0.0,0,0
07-07-2016,34.55,0.0,0,0
08-07-2016,47.45,0.0,0,0
09-07-2016,41.35,0.0,0,0
10-07-2016,56.45,0.0,0,0
11-07-2016,45.44,0.0,0,0
12-07-2016,51.44,0.0,0,0
13-07-2016,86.38,0.0,0,0
14-07-2016,0,0.0,0,0
15-07-2016,37.21,0.0,0,0
16-07-2016,36.28,0.0,0,0
17-07-2016,42.56,0.0,0,0
18-07-2016,41.54,0.0,0,0
19-07-2016,61.15,0.0,0,0
20-07-2016,78.49,0.0,0,0
21-07-2016,90.74,0.0,0,0
22-07-2016,64.91,0.0,0,0
23-07-2016,40.1,0.0,0,0
24-07-2016,68.78,0.0,0,0
25-07-2016,97.6,0.0,0,0
26-07-2016,63.1,0.0,0,0
27-07-2016,42.78,0.0,0,0
28-07-2016,53.01,0.0,0,0
29-07-2016,59.89,0.0,0,0
30-07-2016,48.1,0.0,0,0
31-07-2016,45.94,0.0,0,0
01-08-2016,43.74,0.0,0,0
02-08-2016,48.73,0.0,0,0
03-08-2016,43.17,0.0,0,0
04-08-2016,43.29,0.0,0,0
05-08-2016,40.81,0.0,0,0
06-08-2016,44.64,0.0,0,0
07-08-2016,40.7,0.0,0,0
08-08-2016,46.54,0.0,0,0
09-08-2016,39.43,0.0,0,0
10-08-2016,35.27,0.0,0,0
11-08-2016,22.39,0.0,0,0
12-08-2016,50.79,0.0,0,0
13-08-2016,95.01,0.0,0,0
14-08-2016,53.88,0.0,0,0
15-08-2016,0,0.0,0,0
16-08-2016,46.61,0.0,0,0
17-08-2016,73.05,0.0,0,0
18-08-2016,54.33,0.0,0,0
19-08-2016,64.55,0.0,0,0
20-08-2016,35.65,0.0,0,0
21-08-2016,20.8,0.0,0,0
22-08-2016,25.3,0.0,0,0
23-08-2016,37.4,0.0,0,0
24-08-2016,27.49,0.0,0,0
25-08-2016,56.9,0.0,0,0
26-08-2016,57.78,0.0,0,0
27-08-2016,0,0.0,0,0
28-08-2016,47.43,0.0,0,0
29-08-2016,64,0.0,0,0
30-08-2016,55.77,0.0,0,0
31-08-2016,29.89,0.0,0,0
01-09-2016,40.62,0.0,0,0
02-09-2016,54.84,0.0,0,0
03-09-2016,58.74,0.0,0,0
04-09-2016,81.54,0.0,0,0
05-09-2016,57.52,0.0,0,0
06-09-2016,61.31,0.0,0,0
07-09-2016,67.49,0.0,0,0
08-09-2016,65.64,0.0,0,0
09-09-2016,80.69,0.0,0,0
10-09-2016,56.26,0.0,0,0
11-09-2016,61.08,0.0,0,0
12-09-2016,54.19,0.0,0,0
13-09-2016,70.48,0.0,0,0
14-09-2016,50.06,0.0,0,0
15-09-2016,90.91,0.0,0,0
16-09-2016,88.1,0.0,0,0
17-09-2016,101.88,0.0,0,0
18-09-2016,95.12,0.0,0,0
19-09-2016,49.24,0.0,0,0
20-09-2016,0,0.0,0,0
21-09-2016,0,0.0,0,0
22-09-2016,17.25,0.0,0,0
23-09-2016,69.69,0.0,0,0
24-09-2016,55.99,0.0,0,0
25-09-2016,61.17,0.0,0,0
26-09-2016,107.42,0.0,0,0
27-09-2016,64.54,0.0,0,0
28-09-2016,112.76,0.0,0,0
29-09-2016,108.11,0.0,0,0
30-09-2016,109.29,0.0,0,0
01-10-2016,123.49,0.0,0,0
02-10-2016,89.8,0.0,0,0
03-10-2016,118.66,0.0,0,0
04-10-2016,193.32,0.0,0,0
05-10-2016,113.79,0.0,0,0
06-10-2016,154.74,0.0,0,0
07-10-2016,132.29,0.0,0,0
08-10-2016,186.89,0.0,0,0
09-10-2016,189.26,0.0,0,0
10-10-2016,172.77,0.0,0,0
11-10-2016,187.45,0.0,0,0
12-10-2016,133.47,0.0,0,0
13-10-2016,106.63,0.0,0,0
14-10-2016,119.65,0.0,0,0
15-10-2016,165.22,0.0,0,0
16-10-2016,174.77,0.0,0,0
17-10-2016,180.65,0.0,0,0
18-10-2016,206.98,0.0,0,0
19-10-2016,166.44,0.0,0,0
20-10-2016,167.49,0.0,0,0
21-10-2016,205.27,0.0,0,0
22-10-2016,165.44,0.0,0,0
23-10-2016,230.38,0.0,0,0
24-10-2016,209.15,0.0,0,0
25-10-2016,147.59,0.0,0,0
26-10-2016,257.92,0.0,0,0
27-10-2016,333.98,0.0,0,0
28-10-2016,392.89,0.0,0,0
29-10-2016,402.73,0.0,0,0
30-10-2016,357.39,0.0,0,0
31-10-2016,445.62,0.0,0,0
01-11-2016,445.27,0.0,0,0
02-11-2016,446.33,0.0,204.75,0
03-11-2016,432.93,0.0,488.29,0
04-11-2016,449.53,0.0,979.81,0
05-11-2016,391.67,0.0,966.43,0
06-11-2016,583.28,0.0,628.88,0
07-11-2016,550.79,0.0,458.11,0
08-11-2016,423.48,0.0,404.09,0
09-11-2016,440.98,0.0,397.73,0
10-11-2016,403.92,0.0,405.99,0
11-11-2016,399.51,0.0,335.96,0
12-11-2016,326.2,0.0,224.89,0
13-11-2016,274.66,0.0,232.89,0
14-11-2016,207.58,0.0,306.66,0
15-11-2016,312.04,0.0,349.1,0
16-11-2016,338.38,0.0,486.33,0
17-11-2016,237.53,0.0,250.99,0
18-11-2016,279.31,0.0,0,0
19-11-2016,287.02,0.0,0,0
20-11-2016,375.55,0.0,353.1,0
21-11-2016,343.28,0.0,198.91,0
22-11-2016,224.21,0.0,221.02,0
23-11-2016,240.77,0.0,288.24,0
24-11-2016,294.17,0.0,134.85,0
25-11-2016,137.2,0.0,121.27,0
26-11-2016,124.87,0.0,0,0
27-11-2016,157.3,0.0,464.42,0
28-11-2016,196.04,0.0,360.05,0
29-11-2016,375.46,0.0,300.33,0
30-11-2016,316.83,0.0,333.18,0
01-12-2016,371.74,0.0,320.66,0
02-12-2016,344.26,0.0,262.71,0
03-12-2016,274.56,0.0,300.52,0
04-12-2016,346.32,0.0,253.78,0
05-12-2016,311.17,0.0,446.74,0
06-12-2016,440.14,0.0,197.9,0
07-12-2016,330.49,0.0,383.8,0
08-12-2016,309.46,0.0,371.35,0
09-12-2016,409.22,0.0,282.92,0
10-12-2016,223.1,0.0,240.01,0
11-12-2016,276.18,0.0,276.44,0
12-12-2016,302.75,0.0,199.26,0
13-12-2016,236.66,0.0,174.26,0
14-12-2016,184.38,0.0,224.76,0
15-12-2016,197.22,0.0,258.92,0
16-12-2016,274.45,0.0,294.83,0
17-12-2016,274.62,0.0,260.65,0
18-12-2016,263.85,0.0,300.94,0
19-12-2016,277.7,0.0,216.95,0
20-12-2016,174.73,0.0,195.44,0
21-12-2016,162.98,0.0,244.21,0
22-12-2016,273.19,0.0,498.46,0
23-12-2016,534.88,0.0,450.82,0
24-12-2016,510.89,0.0,309.54,0
25-12-2016,272.83,0.0,205.47,0
26-12-2016,138.01,0.0,273.16,0
27-12-2016,241.55,0.0,329.79,0
28-12-2016,339.57,0.0,401.91,0
29-12-2016,368.08,0.0,269.1,0
30-12-2016,237.36,0.0,242.14,0
31-12-2016,230.61,0.0,232.22,0
01-01-2017,199.88,0.0,203.47,0
02-01-2017,257.12,0.0,287.74,0
03-01-2017,271.64,0.0,348.77,0
04-01-2017,270.12,0.0,239.7,0
05-01-2017,246.85,0.0,201.1,0
06-01-2017,189.35,0.0,150.97,0
07-01-2017,143.97,0.0,137.82,0
08-01-2017,145.13,0.0,146.32,0
09-01-2017,132.64,0.0,142.51,0
10-01-2017,105.32,0.0,214.36,0
11-01-2017,157.14,0.0,297.32,0
12-01-2017,272.62,0.0,303.96,0
13-01-2017,229.98,0.0,311.4,0
14-01-2017,0,0.0,266.99,0
15-01-2017,239.57,0.0,193.3,0
16-01-2017,177.37,0.0,142.52,0
17-01-2017,136.23,0.0,195.75,0
18-01-2017,180.21,0.0,161.82,0
19-01-2017,144.59,0.0,156.23,0
20-01-2017,115.52,0.0,300.01,0
21-01-2017,0,0.0,222.5,0
22-01-2017,0,0.0,183.24,0
23-01-2017,142.06,0.0,221.04,0
24-01-2017,245.55,0.0,225.46,0
25-01-2017,240.18,0.0,136.26,0
26-01-2017,128.59,0.0,79.61,0
27-01-2017,61.34,0.0,121.93,0
28-01-2017,110.45,0.0,136.71,0
29-01-2017,123.47,0.0,200.62,0
30-01-2017,208.01,0.0,238.4,0
31-01-2017,216.81,0.0,184.52,0
01-02-2017,146.56,0.0,224.7,0
02-02-2017,226.04,0.0,264.21,0
03-02-2017,215.02,0.0,234.95,0
04-02-2017,215.91,0.0,185.6,0
05-02-2017,166.48,0.0,159.67,0
06-02-2017,193.19,0.0,114.16,0
07-02-2017,82.4,0.0,167.82,0
08-02-2017,139.13,0.0,155.86,0
09-02-2017,154.06,0.0,156.74,0
10-02-2017,106.8,0.0,163.76,0
11-02-2017,139.81,0.0,155.04,0
12-02-2017,114.02,0.0,139.92,0
13-02-2017,123.38,0.0,204.94,0
14-02-2017,139.63,0.0,190.5,0
15-02-2017,157.83,0.0,159.1,0
16-02-2017,130.08,0.0,150.99,0
17-02-2017,122.15,0.0,159.44,0
18-02-2017,116.95,0.0,160.01,0
19-02-2017,145.78,0.0,170.39,0
20-02-2017,153.11,0.0,130.8,0
21-02-2017,107.59,0.0,134.92,0
22-02-2017,92.26,0.0,97.07,0
23-02-2017,76.61,0.0,80.96,0
24-02-2017,0,0.0,95.26,0
25-02-2017,0,0.0,134.32,0
26-02-2017,70.23,0.0,120.38,0
27-02-2017,98.93,0.0,188.66,0
28-02-2017,140.34,0.0,144.31,0
01-03-2017,52.83,0.0,111.9,0
02-03-2017,126.72,0.0,69.52,0
03-03-2017,69.54,0.0,113.64,0
04-03-2017,74.52,0.0,145.16,0
05-03-2017,93.53,0.0,131.08,0
06-03-2017,112.39,0.0,133.58,0
07-03-2017,140.36,0.0,59.06,0
08-03-2017,76.57,0.0,61.03,0
09-03-2017,0,0.0,47.42,0
10-03-2017,0,0.0,35.17,0
11-03-2017,55.24,0.0,68.94,0
12-03-2017,77.59,0.0,86.62,0
13-03-2017,84.32,0.0,88.39,0
14-03-2017,145.44,0.0,112.88,0
15-03-2017,141.42,0.0,137.8,0
16-03-2017,156.98,0.0,127.73,0
17-03-2017,141.67,0.0,111.11,0
18-03-2017,115.69,0.0,147.44,0
19-03-2017,171.32,0.0,156.52,0
20-03-2017,131.69,0.0,161.89,0
21-03-2017,160.49,0.0,169.91,0
22-03-2017,150.21,0.0,185.9,0
23-03-2017,172.37,0.0,119.17,0
24-03-2017,121.65,0.0,97.78,0
25-03-2017,85.04,0.0,108.65,0
26-03-2017,89.52,0.0,87.59,0
27-03-2017,78.3,0.0,149.35,0
28-03-2017,118.87,0.0,140.27,0
29-03-2017,121.67,0.0,0,0
30-03-2017,71.95,0.0,210.87,0
31-03-2017,103.17,0.0,132.52,0
01-04-2017,112.56,0.0,103.48,0
02-04-2017,84.69,0.0,119.56,0
03-04-2017,79.1,0.0,69.15,0
04-04-2017,97.55,0.0,45.69,0
05-04-2017,49.28,0.0,70.27,0
06-04-2017,70.88,0.0,145.61,0
07-04-2017,139.02,0.0,151.58,0
08-04-2017,181.67,0.0,35.58,0
09-04-2017,47.48,0.0,58.54,0
10-04-2017,58.11,0.0,74.47,0
11-04-2017,71.65,0.0,125.88,0
12-04-2017,97.61,0.0,173.53,0
13-04-2017,237.97,0.0,165.54,0
14-04-2017,237.26,0.0,183.01,0
15-04-2017,212.19,0.0,207.51,0
16-04-2017,192.43,0.0,121.84,0
17-04-2017,116.71,0.0,145.44,0
18-04-2017,147.42,0.0,108.11,0
19-04-2017,193.69,0.0,127.44,0
20-04-2017,217.63,0.0,115.72,0
21-04-2017,97.48,0.0,104.64,0
22-04-2017,0,0.0,91.11,0
23-04-2017,128.02,0.0,65.17,0
24-04-2017,125.55,0.0,80.85,0
25-04-2017,89.44,0.0,77.91,0
26-04-2017,113.96,0.0,77.77,0
27-04-2017,131.51,0.0,86.74,0
28-04-2017,159.81,0.0,107.97,0
29-04-2017,179.41,0.0,70.17,0
30-04-2017,87.27,0.0,73.09,0
01-05-2017,103.69,0.0,178.69,0
02-05-2017,234.29,0.0,139.61,0
03-05-2017,160.95,0.0,103.19,0
04-05-2017,127.84,0.0,0,0
05-05-2017,213.26,0.0,0,0
06-05-2017,268.44,0.0,33.5,0
07-05-2017,267.82,0.0,0,0
08-05-2017,181.56,0.0,0,0
09-05-2017,93.78,0.0,0,0
10-05-2017,72.07,0.0,0,0
11-05-2017,114.71,0.0,114.14,0
12-05-2017,200.71,0.0,166.67,0
13-05-2017,285.37,0.0,303,0
14-05-2017,134.68,0.0,70.31,0
15-05-2017,194.04,0.0,76.17,0
16-05-2017,102.76,0.0,87.71,0
17-05-2017,77.88,0.0,109.21,0
18-05-2017,215.87,0.0,106.7,0
19-05-2017,189.34,0.0,80.46,0
20-05-2017,355.76,0.0,122.61,0
21-05-2017,183.78,0.0,125.84,0
22-05-2017,99.19,0.0,145.39,0
23-05-2017,177.29,0.0,115.16,0
24-05-2017,0,0.0,90.51,0
25-05-2017,91.09,0.0,102.75,0
26-05-2017,103.39,0.0,55.36,0
27-05-2017,53.25,0.0,41.96,0
28-05-2017,36.64,0.0,50.25,0
29-05-2017,46.95,0.0,69.49,0
30-05-2017,60.51,0.0,65.96,0
31-05-2017,63.54,0.0,106.45,0
01-06-2017,110.88,0.0,138.3,0
02-06-2017,142.56,0.0,118.3,0
03-06-2017,141.93,0.0,110.45,0
04-06-2017,125.17,0.0,87.36,0
05-06-2017,62.22,0.0,0,0
06-06-2017,76.22,0.0,28.9,0
07-06-2017,41.11,0.0,54.89,0
08-06-2017,0,0.0,116.99,0
09-06-2017,0,0.0,82.91,0
10-06-2017,0,0.0,38.49,0
11-06-2017,0,0.0,87.79,0
12-06-2017,0,0.0,57.23,0
13-06-2017,0,0.0,65.93,0
14-06-2017,0,0.0,81.26,0
15-06-2017,0,0.0,52.41,0
16-06-2017,0,0.0,43.02,0
17-06-2017,0,0.0,76.03,0
18-06-2017,0,0.0,60.19,0
19-06-2017,0,0.0,27.91,0
20-06-2017,0,0.0,55.14,0
21-06-2017,0,0.0,56.7,0
22-06-2017,0,0.0,50.11,0
23-06-2017,0,0.0,87,0
24-06-2017,0,0.0,89.85,0
25-06-2017,0,0.0,51.07,0
26-06-2017,0,0.0,45.95,0
27-06-2017,0,0.0,28.62,0
28-06-2017,0,0.0,31.8,0
29-06-2017,0,0.0,42.33,0
30-06-2017,0,0.0,60.88,0
01-07-2017,0,0.0,39.34,0
02-07-2017,0,0.0,59.59,0
03-07-2017,0,0.0,54.5,0
04-07-2017,0,0.0,56.26,0
05-07-2017,0,0.0,49.12,0
06-07-2017,0,0.0,38.05,0
07-07-2017,0,0.0,45.57,0
08-07-2017,0,0.0,45.56,0
09-07-2017,0,0.0,0,0
10-07-2017,0,0.0,0,0
11-07-2017,0,0.0,0,0
12-07-2017,0,0.0,0,0
13-07-2017,0,0.0,0,0
14-07-2017,0,0.0,0,0
15-07-2017,0,0.0,0,0
16-07-2017,0,0.0,0,0
17-07-2017,0,0.0,0,0
18-07-2017,0,0.0,0,0
19-07-2017,0,0.0,0,0
20-07-2017,0,0.0,0,0
21-07-2017,0,0.0,0,0
22-07-2017,0,0.0,0,0
23-07-2017,0,0.0,0,0
24-07-2017,0,0.0,0,0
25-07-2017,0,0.0,0,0
26-07-2017,0,0.0,0,0
27-07-2017,0,0.0,0,0
28-07-2017,0,0.0,0,0
29-07-2017,0,0.0,0,0
30-07-2017,0,0.0,0,0
31-07-2017,0,0.0,0,0
01-08-2017,0,0.0,0,0
02-08-2017,0,0.0,0,0
03-08-2017,0,0.0,0,0
04-08-2017,0,0.0,0,0
05-08-2017,0,0.0,0,0
06-08-2017,0,0.0,0,0
07-08-2017,0,0.0,0,0
08-08-2017,0,0.0,0,0
09-08-2017,0,0.0,0,0
10-08-2017,0,0.0,0,0
11-08-2017,0,0.0,0,0
12-08-2017,0,0.0,0,0
13-08-2017,0,0.0,0,0
14-08-2017,0,0.0,0,0
15-08-2017,0,0.0,0,0
16-08-2017,0,0.0,0,0
17-08-2017,0,0.0,0,0
18-08-2017,0,0.0,0,0
19-08-2017,0,0.0,0,0
20-08-2017,0,0.0,0,0
21-08-2017,0,0.0,0,0
22-08-2017,0,0.0,0,0
23-08-2017,0,0.0,0,0
24-08-2017,0,0.0,0,0
25-08-2017,0,0.0,0,0
26-08-2017,0,0.0,0,0
27-08-2017,0,0.0,0,0
28-08-2017,0,0.0,0,0
29-08-2017,0,0.0,0,0
30-08-2017,0,0.0,0,0
31-08-2017,0,0.0,0,0
01-09-2017,0,0.0,0,0
02-09-2017,0,0.0,0,0
03-09-2017,0,0.0,0,0
04-09-2017,0,0.0,0,0
05-09-2017,0,0.0,0,0
06-09-2017,0,0.0,17.1,0
07-09-2017,0,0.0,52.55,0
08-09-2017,0,0.0,8.71,0
09-09-2017,0,0.0,0,0
10-09-2017,0,0.0,0,0
11-09-2017,0,0.0,0,0
12-09-2017,0,0.0,69.01,0
13-09-2017,0,0.0,59.56,0
14-09-2017,0,0.0,37.7,0
15-09-2017,0,0.0,4.33,0
16-09-2017,0,0.0,0,0
17-09-2017,0,0.0,4.91,0
18-09-2017,0,0.0,16.23,0
19-09-2017,0,0.0,9.89,0
20-09-2017,0,0.0,53.88,0
21-09-2017,0,0.0,0,0
22-09-2017,0,0.0,0,0
23-09-2017,0,0.0,0,0
24-09-2017,0,0.0,0,0
25-09-2017,0,0.0,0,0
26-09-2017,0,0.0,0,0
27-09-2017,0,0.0,0,0
28-09-2017,0,0.0,0,0
29-09-2017,0,0.0,0,0
30-09-2017,0,0.0,15.1,0
01-10-2017,0,0.0,12.67,0
02-10-2017,0,0.0,16.51,0
03-10-2017,0,0.0,30.5,0
04-10-2017,0,0.0,27.5,0
05-10-2017,0,0.0,12.79,0
06-10-2017,0,0.0,29.35,0
07-10-2017,0,0.0,21.33,0
08-10-2017,0,0.0,28.71,0
09-10-2017,0,0.0,0,0
10-10-2017,0,0.0,0,0
11-10-2017,0,0.0,0,0
12-10-2017,0,0.0,0,0
13-10-2017,0,0.0,0,0
14-10-2017,0,0.0,0,0
15-10-2017,0,0.0,0,0
16-10-2017,0,0.0,0,0
17-10-2017,0,0.0,0,0
18-10-2017,0,0.0,133.77,0
19-10-2017,0,0.0,0,0
20-10-2017,0,0.0,24.05,0
21-10-2017,0,0.0,0,0
22-10-2017,0,0.0,17.95,0
23-10-2017,213.05,0.0,0,0
24-10-2017,229.54,0.0,0,0
25-10-2017,272.25,0.0,0,0
26-10-2017,267.88,0.0,0,0
27-10-2017,211.12,0.0,0,0
28-10-2017,268.79,0.0,0,0
29-10-2017,248,0.0,5.69,0
30-10-2017,284,0.0,255.76,0
31-10-2017,264.12,0.0,265.01,0
01-11-2017,91.46,0.0,213.27,0
02-11-2017,184.79,0.0,268.01,0
03-11-2017,87.26,0.0,239.42,0
04-11-2017,261.96,0.0,231.67,0
05-11-2017,315.67,0.0,386.6,0
06-11-2017,345.21,0.0,740.99,0
07-11-2017,611.08,0.0,695.34,0
08-11-2017,788.6,0.0,634.77,0
09-11-2017,571.33,0.0,458.81,0
10-11-2017,496.68,0.0,536.08,0
11-11-2017,547.24,0.0,703.03,0
12-11-2017,641.89,0.0,517.47,0
13-11-2017,518.04,0.0,371.46,0
14-11-2017,316.96,0.0,301.81,0
15-11-2017,250.62,0.0,234.15,0
16-11-2017,249.71,0.0,203.08,0
17-11-2017,186.45,0.0,195.22,0
18-11-2017,159.18,0.0,164.84,0
19-11-2017,152.75,0.0,234.31,0
20-11-2017,194.04,0.0,295.69,0
21-11-2017,229.5,0.0,285.7,0
22-11-2017,252.75,0.0,286.85,0
23-11-2017,230.83,0.0,314.95,0
24-11-2017,304.38,0.0,301.93,0
25-11-2017,266.17,0.0,352.19,0
26-11-2017,308.54,0.0,303.71,0
27-11-2017,275.36,0.0,252.88,0
28-11-2017,278.04,0.0,378.75,0
29-11-2017,356.29,0.0,290.88,0
30-11-2017,339.25,0.0,303.52,0
01-12-2017,299.88,0.0,316.54,0
02-12-2017,418.12,0.0,396.84,0
03-12-2017,424.71,0.0,371.9,0
04-12-2017,463.33,0.0,333.15,0
05-12-2017,357.62,0.0,150.58,0
06-12-2017,140.25,0.0,119.5,0
07-12-2017,97.96,0.0,1000,0
08-12-2017,155.18,0.0,277.38,0
09-12-2017,313.58,0.0,339.58,0
10-12-2017,396.04,0.0,374,0
11-12-2017,356.74,0.0,151.06,0
12-12-2017,145.38,0.0,214.46,0
13-12-2017,175.04,0.0,160.03,0
14-12-2017,184.76,0.0,159.72,0
15-12-2017,197.41,0.0,179.72,0
16-12-2017,0,0.0,180.26,0
17-12-2017,118.95,0.0,181.98,0
18-12-2017,181.58,0.0,292.14,0
19-12-2017,267.76,0.0,459.71,0
20-12-2017,441.17,0.0,405.52,0
21-12-2017,417.17,0.0,259.03,0
22-12-2017,201.62,0.0,211.31,0
23-12-2017,171.62,0.0,335.98,0
24-12-2017,358.52,0.0,368.62,0
25-12-2017,380.62,0.0,395.33,0
26-12-2017,329.96,0.0,334.89,0
27-12-2017,374.82,0.0,322.92,0
28-12-2017,340.92,0.0,282.7,0
29-12-2017,309.92,0.0,357.66,0
30-12-2017,403.67,0.0,348.71,0
31-12-2017,531.92,0.0,282.61,0
01-01-2018,481.62,0.0,274.29,0
02-01-2018,359.67,0.0,317.91,0
03-01-2018,287.71,0.0,361.02,0
04-01-2018,351.62,0.0,406.01,0
05-01-2018,306.25,0.0,424.77,0
06-01-2018,324.75,0.0,269.09,0
07-01-2018,242.08,0.0,287.31,0
08-01-2018,175.05,0.0,367.83,0
09-01-2018,375.22,0.0,326.25,0
10-01-2018,245.79,0.0,248.24,0
11-01-2018,203.12,0.0,297.3,0
12-01-2018,231.46,0.0,428.01,0
13-01-2018,388.08,0.0,340.76,0
14-01-2018,302.62,0.0,257.18,0
15-01-2018,240.96,0.0,222.93,0
16-01-2018,164.95,0.0,350.29,0
17-01-2018,294.38,0.0,417.27,0
18-01-2018,451.83,0.0,398.8,0
19-01-2018,409.32,0.0,259.57,0
20-01-2018,235.55,0.0,258.76,0
21-01-2018,183.85,0.0,272.95,0
22-01-2018,247.94,0.0,233.53,0
23-01-2018,196.4,0.0,166.56,0
24-01-2018,162.97,0.0,149.3,0
25-01-2018,76.21,0.0,131,0
26-01-2018,191.67,0.0,211.74,0
27-01-2018,223.46,0.0,146.64,0
28-01-2018,235.79,0.0,198.75,0
29-01-2018,242.21,0.0,184.22,0
30-01-2018,134.25,0.0,185.52,0
31-01-2018,144,0.0,250.5,173.48
01-02-2018,193.92,0.0,111.44,135.54
02-02-2018,129.08,0.0,0,110.83
03-02-2018,105.12,0.0,0,147.08
04-02-2018,136.11,0.0,159.09,173.5
05-02-2018,178.25,0.0,160.63,138.29
06-02-2018,130.33,0.0,167.79,144
07-02-2018,136.5,0.0,284.38,225.46
08-02-2018,232.33,0.0,306.65,202.79
09-02-2018,228.17,0.0,206.28,247.59
10-02-2018,309.75,0.0,134.89,157.67
11-02-2018,165.12,0.0,72.3,69.21
12-02-2018,62,0.0,119.17,134.42
13-02-2018,118.92,0.0,95.78,80.62
14-02-2018,69.25,0.0,135.23,111.17
15-02-2018,91.25,0.0,173.34,134.5
16-02-2018,123.94,0.0,164.79,147.86
17-02-2018,135.17,0.0,188.25,151.76
18-02-2018,161.5,0.0,219.28,239.39
19-02-2018,261.25,0.0,218.2,184.03
20-02-2018,231.17,0.0,198.38,200.33
21-02-2018,251.17,0.0,183.99,211.21
22-02-2018,214.75,0.0,172.08,272.34
23-02-2018,238.29,0.0,211.08,183.56
24-02-2018,183.33,0.0,90.76,126.05
25-02-2018,125,0.0,81.29,74.01
26-02-2018,63.17,0.0,115.91,97.73
27-02-2018,89.5,0.0,192.31,138.61
28-02-2018,151.17,0.0,154.52,125.65
01-03-2018,141.71,0.0,158.16,199.79
02-03-2018,179.5,0.0,121.96,97.55
03-03-2018,105.25,0.0,83.27,119
04-03-2018,99.58,0.0,94.97,77.34
05-03-2018,75.46,0.0,99.59,81.07
06-03-2018,75.67,0.0,127.28,84.79
07-03-2018,95.35,0.0,193.33,207.54
08-03-2018,226.08,0.0,132.73,140.95
09-03-2018,156.12,0.0,92.52,74.03
10-03-2018,67.79,0.0,122.35,87.42
11-03-2018,79.6,0.0,131.84,116.88
12-03-2018,0,0.0,151.51,116.04
13-03-2018,0,0.0,147.32,145.42
14-03-2018,79.77,0.0,127.33,125.85
15-03-2018,141.42,0.0,154,162.14
16-03-2018,154.5,0.0,123.09,113.69
17-03-2018,93.91,0.0,156.59,72.05
18-03-2018,0,0.0,105.98,93.33
19-03-2018,0,0.0,135.3,132.77
20-03-2018,166.57,0.0,120.23,179.22
21-03-2018,166.25,0.0,87.23,124.17
22-03-2018,110.71,0.0,76.21,61.46
23-03-2018,63.75,0.0,94.3,84.25
24-03-2018,80,0.0,100.39,92.96
25-03-2018,72.41,0.0,122.49,97.58
26-03-2018,91.19,0.0,183.41,131.72
27-03-2018,158.88,0.0,134.08,122.83
28-03-2018,171.25,0.0,121.99,97.65
29-03-2018,116.53,0.0,109.08,90.46
30-03-2018,129.45,0.0,44.01,111.79
31-03-2018,0,0.0,50.33,72.9
01-04-2018,73.92,0.0,63.89,109.33
02-04-2018,110.17,0.0,86.41,109.86
03-04-2018,111.17,0.0,156.76,121.39
04-04-2018,143.79,0.0,137.68,209.9
05-04-2018,212.13,0.0,111.55,113.91
06-04-2018,97.67,0.0,54.25,55.25
07-04-2018,54.96,0.0,47.78,47.97
08-04-2018,49.38,0.0,52.72,55.08
09-04-2018,49.13,0.0,103.54,118.15
10-04-2018,80.56,0.0,58.22,0
11-04-2018,54.62,0.0,47.52,78.69
12-04-2018,66.37,0.0,118.03,137.02
13-04-2018,140.58,0.0,125.05,91.29
14-04-2018,163.05,0.0,182.87,146.6
15-04-2018,132,0.0,77,100.74
16-04-2018,180.29,0.0,77.48,74.82
17-04-2018,105.8,0.0,67.55,73.09
18-04-2018,74.58,0.0,83.23,91.05
19-04-2018,92.83,0.0,79.97,92.9
20-04-2018,108.03,0.0,76.45,80.32
21-04-2018,179.92,0.0,47.91,49.5
22-04-2018,112,0.0,63.72,77.52
23-04-2018,94.25,0.0,0,109.05
24-04-2018,142.46,0.0,0,120.23
25-04-2018,171.12,0.0,124.9,140.54
26-04-2018,232.03,0.0,103.1,93.88
27-04-2018,97.75,0.0,76.14,79.62
28-04-2018,84.82,0.0,93.97,90.25
29-04-2018,99.21,0.0,91.45,74.54
30-04-2018,146.39,0.0,0,55.59
01-05-2018,49.25,0.0,54.57,58.08
02-05-2018,58.54,0.0,39.81,44.71
03-05-2018,48.67,0.0,38.41,44.21
04-05-2018,51.38,0.0,74.71,76.25
05-05-2018,93.33,0.0,123.01,114.04
06-05-2018,130.83,0.0,155.19,165.25
07-05-2018,185.33,0.0,51.42,57.43
08-05-2018,81.79,0.0,83.22,86.83
09-05-2018,110.67,0.0,134.48,94.69
10-05-2018,120.79,0.0,175.55,140.01
11-05-2018,194.88,0.0,0,150.19
12-05-2018,242.49,0.0,0,66.62
13-05-2018,80.33,0.0,42.28,42.37
14-05-2018,51.12,0.0,37.79,63.78
15-05-2018,73.04,0.0,34.59,79.33
16-05-2018,82.12,0.0,98.02,106.04
17-05-2018,112.75,0.0,92.35,121.46
18-05-2018,117.46,0.0,75.91,105.33
19-05-2018,127.75,0.0,92.24,117
20-05-2018,104.92,0.0,69.48,68.9
21-05-2018,72.29,0.0,89.93,93.69
22-05-2018,121.94,0.0,117.83,0
23-05-2018,177.79,0.0,87.79,110
24-05-2018,134.84,0.0,81.17,95.33
25-05-2018,111.21,0.0,98.94,103.04
26-05-2018,101.42,0.0,0,93.25
27-05-2018,115.46,0.0,98.38,125.71
28-05-2018,125.5,0.0,114.64,99.38
29-05-2018,124.17,0.0,48.91,49.08
30-05-2018,56.67,0.0,69.15,65
31-05-2018,70.12,0.0,69.6,66.67
01-06-2018,71.38,0.0,38.29,37.96
02-06-2018,44.04,0.0,53.99,49
03-06-2018,55.87,0.0,56.1,52.21
04-06-2018,58.62,0.0,48.18,50.82
05-06-2018,49.75,0.0,44.19,52.38
06-06-2018,58.96,0.0,79.78,68.25
07-06-2018,184.95,0.0,65,67.04
08-06-2018,112.67,0.0,41.73,49.58
09-06-2018,26.54,0.0,62.27,73.08
10-06-2018,90.8,0.0,66.41,66.38
11-06-2018,86.83,0.0,132.77,133.14
12-06-2018,168.21,0.0,247.84,234.06
13-06-2018,330.46,0.0,184.7,177.83
14-06-2018,258.38,0.0,130.84,120.09
15-06-2018,252.71,0.0,115.85,119.54
16-06-2018,183.98,0.0,63.28,68.54
17-06-2018,108.33,0.0,48.4,79.92
18-06-2018,94.83,0.0,44.62,45.96
19-06-2018,68.32,0.0,59.86,57.6
20-06-2018,95.76,0.0,96.96,68.6
21-06-2018,104.37,0.0,72.35,112.46
22-06-2018,132.7,0.0,76.26,71.45
23-06-2018,97.5,0.0,54.93,27.88
24-06-2018,76.76,0.0,55.82,2.58
25-06-2018,59.61,0.0,39.3,18.41
26-06-2018,73.36,0.0,47.23,54.58
27-06-2018,67.33,0.0,25.38,30.74
28-06-2018,0,0.0,38.01,31.62
29-06-2018,0,0.0,42.11,35.44
30-06-2018,0,0.0,30.16,25.62
01-07-2018,0,0.0,23.73,25.91
02-07-2018,0,0.0,36.51,48.29
03-07-2018,0,55.41,42.55,40.4
04-07-2018,0,54.49,42.52,57.15
05-07-2018,0,74.42,45.51,77.14
06-07-2018,0,70.82,61.69,61.52
07-07-2018,0,98.12,63.07,73.27
08-07-2018,0,80.62,67.42,61.89
09-07-2018,0,58.33,43.95,41.97
10-07-2018,0,50.71,36.88,37.5
11-07-2018,0,55.5,41.76,50.41
12-07-2018,0,39.17,25.57,29.25
13-07-2018,0,41.54,49.33,29.12
14-07-2018,0,52.82,45.47,37.94
15-07-2018,0,55.71,36.75,51.51
16-07-2018,0,50.12,48.62,25.66
17-07-2018,0,54.46,37.48,33.73
18-07-2018,0,43.27,25.4,25.58
19-07-2018,0,48.93,36.67,46.45
20-07-2018,0,55.51,41.38,68.41
21-07-2018,0,38.81,27.51,31.25
22-07-2018,0,46.24,27.31,46.77
23-07-2018,0,53.01,39.51,40.54
24-07-2018,0,38.33,17.12,28.65
25-07-2018,0,29.71,11.32,27.7
26-07-2018,0,25.78,8.06,33.75
27-07-2018,0,30.47,22.52,35.88
28-07-2018,0,48.17,47.89,55.77
29-07-2018,0,41.8,36.15,38.71
30-07-2018,0,49.09,41.2,47.02
31-07-2018,0,62.7,48.53,48.84
01-08-2018,0,94.96,63.72,58.15
02-08-2018,0,95.36,70.33,53.27
03-08-2018,0,106.46,58.51,54.11
04-08-2018,0,96.21,50.01,51.48
05-08-2018,0,71.61,37.93,49.54
06-08-2018,0,51.29,31.59,43.6
07-08-2018,0,50.71,32.86,29.33
08-08-2018,0,50.14,36.62,31.26
09-08-2018,0,72.64,45.06,45.71
10-08-2018,0,37.59,25.18,28.62
11-08-2018,0,33.18,18.32,27.69
12-08-2018,51,37.79,23.1,33.1
13-08-2018,42.72,59.11,42.03,53.62
14-08-2018,65.27,58.8,36.26,35.98
15-08-2018,49.05,52.8,39.69,37.5
16-08-2018,47.13,36.12,22.01,28.64
17-08-2018,40.57,36.43,31.76,33.66
18-08-2018,40.1,62.25,51.46,53.57
19-08-2018,71.68,64.79,56.08,56.69
20-08-2018,77.62,53.69,33.65,30.14
21-08-2018,32.3,44.59,32.4,26.56
22-08-2018,31.5,32.77,20.58,26.27
23-08-2018,37.32,27.74,20.65,24.6
24-08-2018,39.53,25.49,3.55,20.08
25-08-2018,34.65,35.45,1.26,20.67
26-08-2018,33.22,33.89,18.49,16.18
27-08-2018,30.59,30.2,20.45,25.9
28-08-2018,38.01,33.42,27.11,31.64
29-08-2018,33.9,43.04,30.42,37.84
30-08-2018,102.93,48.61,35.84,40.97
31-08-2018,55.77,54.09,42.73,48.89
01-09-2018,51.76,47.27,31.11,51.1
02-09-2018,62.03,44.08,31.1,47.92
03-09-2018,63.37,58.54,52.66,71.44
04-09-2018,79.21,50.79,34.52,43.17
05-09-2018,48.73,42.38,29.71,48.08
06-09-2018,50.66,41.38,24.25,55.48
07-09-2018,58.4,32.12,23.45,28.42
08-09-2018,34.35,30.46,23.41,24.44
09-09-2018,24.54,38.83,32.2,42.76
10-09-2018,41.64,27.04,22.72,33.39
11-09-2018,34.77,31.17,20.7,31.58
12-09-2018,35.6,27.5,25.26,25.67
13-09-2018,35.29,35.42,32.21,32.83
14-09-2018,41.13,41.04,34.33,38.96
15-09-2018,41.42,59.89,42.92,51.15
16-09-2018,50.71,64.3,47.5,65.35
17-09-2018,62.97,57.32,48.27,57.83
18-09-2018,51.31,69.67,55.01,51.87
19-09-2018,70.21,112.96,71.74,51.43
20-09-2018,0,62.25,45.88,28.93
21-09-2018,0,25.83,21.92,20.14
22-09-2018,0,27.25,34.38,23.59
23-09-2018,0,19.58,15.22,20.23
24-09-2018,39.55,23.29,17.35,22.49
25-09-2018,28.99,45.7,40,34.2
26-09-2018,51.38,80.55,70.01,79.9
27-09-2018,100.64,98.52,85.67,131.94
28-09-2018,123.84,101.4,77.69,130.91
29-09-2018,124.32,64.45,52.46,67.23
30-09-2018,64.91,78.15,66.5,78.71
01-10-2018,68.36,89.93,80.48,71.25
02-10-2018,58.48,81.48,63.53,90.24
03-10-2018,75.24,106.45,86.7,138.92
04-10-2018,134.73,127.24,117.87,147.9
05-10-2018,140.02,91.59,86.88,76.06
06-10-2018,86.23,111.15,84.28,98.25
07-10-2018,95.2,131.8,117,159.52
08-10-2018,151.45,128.01,101.09,121
09-10-2018,104.92,129.5,96.79,99.08
10-10-2018,98.44,101.57,75.04,54.59
11-10-2018,70.32,92.46,68.71,111.5
12-10-2018,78.92,115.67,145.26,163.95
13-10-2018,200.07,97.25,98.39,117.21
14-10-2018,101.62,130.46,69.78,135.69
15-10-2018,137.74,157.92,119.62,173.89
16-10-2018,178.92,190.54,130.76,171.79
17-10-2018,171.62,195.08,166.94,139.77
18-10-2018,169.46,163.29,137.61,178.19
19-10-2018,173.17,226.96,159.93,210.82
20-10-2018,213.25,181.29,153.84,76.75
21-10-2018,175.7,163.82,146.29,58.92
22-10-2018,147.14,152.24,132.68,71.65
23-10-2018,162.53,183.22,164.4,108.69
24-10-2018,217.26,162.02,157.02,101.33
25-10-2018,210.05,231.03,196.91,280.67
26-10-2018,282.55,280.9,208.59,269.69
27-10-2018,266.7,267.17,220.39,259.33
28-10-2018,263.84,248.88,281.38,313.32
29-10-2018,312.94,313.96,270.75,369.48
30-10-2018,357.19,303.83,278.03,270.29
31-10-2018,256.26,215.05,271,287.6
01-11-2018,312,251.54,229.2,224.75
02-11-2018,215.47,192.33,166.91,122.19
03-11-2018,165.14,134.79,110.92,33.98
04-11-2018,112.71,403.79,374.51,112.46
05-11-2018,463.68,230.8,195.7,55.85
06-11-2018,202.62,243.57,230.47,138.11
07-11-2018,238.31,321.09,402.52,536.2
08-11-2018,503.94,325.79,254.76,383.5
09-11-2018,443,332.81,332.35,360.69
10-11-2018,376.11,168.88,238.26,302.75
11-11-2018,345.6,219.34,272.72,307.59
12-11-2018,358.78,272.79,294.65,303.9
13-11-2018,332.9,76.68,145.01,146.23
14-11-2018,169.27,59.61,109.74,33.17
15-11-2018,115.82,58.73,172.16,30.98
16-11-2018,141.71,61.67,171.1,42.81
17-11-2018,184.16,112.84,215.95,49.75
18-11-2018,211.56,173.2,226.31,114.79
19-11-2018,225.89,303.57,259.45,246.48
20-11-2018,268.73,276.11,236.48,204.75
21-11-2018,236.23,212.31,162.68,143.47
22-11-2018,176.23,244.12,202.21,179.06
23-11-2018,209.58,152.35,128.42,121.6
24-11-2018,125.04,179.94,174.64,167.19
25-11-2018,195.4,248.29,212.86,190.85
26-11-2018,256.43,304.77,258.59,231.05
27-11-2018,253.29,190.54,219.98,241.64
28-11-2018,242.94,192.44,269.31,235.66
29-11-2018,299.03,234.64,232.54,55.6
30-11-2018,238.5,206.19,155.85,36.31
01-12-2018,180.43,174.41,164.04,48.46
02-12-2018,266.94,139.56,262.68,48.85
03-12-2018,272.49,138.62,255.9,58.35
04-12-2018,333.27,132.0,186.47,97.26
05-12-2018,257.87,131.79,223.18,277.04
06-12-2018,305.74,104.83,217.47,199.58
07-12-2018,245.19,121.04,165.89,230.23
08-12-2018,258.36,130.59,187.11,262.91
09-12-2018,298.88,232.78,232.14,63.02
10-12-2018,334.42,294.85,326.29,61.84
11-12-2018,344,256.14,224.29,44.47
12-12-2018,233.11,109.9,84.5,69.16
13-12-2018,110.43,123.09,124.91,104.44
14-12-2018,118.47,103.43,139.08,133.79
15-12-2018,129.48,112.79,152.14,163.77
16-12-2018,180.36,140.98,202.24,125.08
17-12-2018,187.88,133.92,223.06,193.07
18-12-2018,221.27,151.99,248.51,210.71
19-12-2018,258.56,174.72,297.95,261.9
20-12-2018,322.86,155.38,282.59,250.69
21-12-2018,301.34,278.11,321.22,370.81
22-12-2018,442.95,292.42,406.05,481.69
23-12-2018,564.15,213.58,396.49,481.12
24-12-2018,557.14,120.83,268.99,255.25
25-12-2018,278.46,226.9,294.65,266.19
26-12-2018,302.2,203.14,376.94,306.6
27-12-2018,361.68,174.96,268.8,267.81
28-12-2018,274.34,160.62,321.16,279.29
29-12-2018,330.41,191.64,375.33,427.21
30-12-2018,521.26,141.52,308.28,296.73
31-12-2018,415.89,151.12,297.6,319.94
01-01-2019,380.23,257.21,350.33,357.69
02-01-2019,418.47,141.07,381.28,367.83
03-01-2019,412.89,222.49,228.88,279.73
04-01-2019,291.95,309.92,246.89,283.69
05-01-2019,241.67,178.92,156.46,210.25
06-01-2019,191.85,204.94,173.64,177.58
07-01-2019,197.84,182.73,158.04,147.92
08-01-2019,152.66,194.78,161.86,141.65
09-01-2019,155.26,249.77,220.15,182.75
10-01-2019,205.47,395.12,283.59,293.14
11-01-2019,350.48,449.05,290.29,399.02
12-01-2019,445.31,277.81,241.32,302.96
13-01-2019,312.21,132.35,99.98,83.62
14-01-2019,93.93,203.04,161.8,192.48
15-01-2019,145.29,397.05,296.83,311.69
16-01-2019,326.42,453.2,330.3,390.21
17-01-2019,408.33,289.05,326.2,249.6
18-01-2019,264.69,333.94,225.24,292.27
19-01-2019,345.16,369.44,344.36,335.3
20-01-2019,400.89,236.15,219.03,178.12
21-01-2019,169.11,64.86,47.71,46.95
22-01-2019,56.68,144.26,155.02,152.64
23-01-2019,166.89,132.48,107.91,127.31
24-01-2019,133.97,122.5,87.67,76.1
25-01-2019,78.64,152.3,107.04,91.54
26-01-2019,94.48,167.75,150.94,117.8
27-01-2019,127.48,165.76,133.74,111.97
28-01-2019,122.43,203.52,172.27,135.21
29-01-2019,150.93,273.81,233.6,216.03
30-01-2019,239.03,231.05,201.49,212.74
31-01-2019,231.24,225.21,193.41,190.92
01-02-2019,202.11,189.27,143.94,198.71
02-02-2019,218.75,142.03,0,136.29
03-02-2019,161.82,193.34,0,178.46
04-02-2019,197.05,336.48,0,289.83
05-02-2019,429.5,229.1,0,171.58
06-02-2019,185.3,80.4,59.6,58.4
07-02-2019,70.83,89.4,78.1,85.38
08-02-2019,96.89,116.82,96.17,76.15
09-02-2019,79.52,188.92,170.55,114.06
10-02-2019,121.83,197.52,165.65,136.73
11-02-2019,159.48,214.45,202.09,202.69
12-02-2019,225.55,252.2,205.2,193.04
13-02-2019,222.12,179.29,153.64,156.33
14-02-2019,169.65,141.46,126.56,117.62
15-02-2019,131.03,116.52,120.24,114.15
16-02-2019,131.54,107.92,109.45,99.98
17-02-2019,116.31,119.14,112.26,96.98
18-02-2019,110.02,156.98,139.93,129.08
19-02-2019,138.92,105.59,105.28,85.77
20-02-2019,102.17,90.03,84.52,77.26
21-02-2019,81.47,82.38,78.08,69
22-02-2019,85.93,95.82,73.76,44.69
23-02-2019,55.89,130.15,113,83.26
24-02-2019,84.85,107.52,104.76,121.72
25-02-2019,116.28,79.03,61,65.84
26-02-2019,70.24,82.7,42.84,96.08
27-02-2019,94.97,124.4,110.47,112.58
28-02-2019,129.23,120.04,99.1,84.05
01-03-2019,99.01,161.83,131.78,104.35
02-03-2019,117.66,81.71,71.65,63.56
03-03-2019,71.49,109.79,106.14,106.42
04-03-2019,117.36,88.88,88.84,60.19
05-03-2019,71.04,111.65,94.67,73.08
06-03-2019,96.88,135.59,113,102.35
07-03-2019,119.33,119.48,89.53,132.48
08-03-2019,133.31,91.68,82.5,73.31
09-03-2019,80.83,100.53,89.31,65.98
10-03-2019,77.09,93.69,87.07,73.17
11-03-2019,89.49,72.98,57.41,57.27
12-03-2019,60.35,108.86,83.5,110.42
13-03-2019,112.45,120.12,95.47,127.6
14-03-2019,144.6,97.33,91.43,56.35
15-03-2019,74.93,92.58,77.3,61.11
16-03-2019,70.14,122.54,113.68,76.85
17-03-2019,96.2,127.7,128.69,92.17
18-03-2019,112.42,135.88,120.63,83
19-03-2019,159.31,125.33,93.69,85.23
20-03-2019,132.17,104.38,98.24,110.74
21-03-2019,329.25,52.6,46.43,29.49
22-03-2019,35.63,88.92,70.88,55.44
23-03-2019,69.23,62.57,57.15,49.99
24-03-2019,57.34,86.86,74.98,65.15
25-03-2019,73.02,115.64,93.79,63.62
26-03-2019,72.42,130.91,105.55,68.15
27-03-2019,80.28,179.11,140.32,135.65
28-03-2019,158.64,122.08,113.91,180.07
29-03-2019,187.6,120.81,105.69,134.21
30-03-2019,153.15,74.33,54.74,47.92
31-03-2019,59.08,85.12,50.54,42.24
01-04-2019,53.22,158.46,0,88.43
02-04-2019,104.16,135.96,88.66,85.22
03-04-2019,96.31,139.53,122.71,140.73
04-04-2019,155.54,160.52,120.61,148.94
05-04-2019,182.66,121.76,104.93,105.31
06-04-2019,126.6,185.84,161.95,128.12
07-04-2019,151.64,95.17,76.78,75.66
08-04-2019,91.15,137.6,121.83,92.74
09-04-2019,102.12,115.62,99.35,151.8
10-04-2019,149.35,79.54,72.26,85.42
11-04-2019,88.56,63.91,55.42,80.75
12-04-2019,83.48,65.99,26.45,72.41
13-04-2019,69.25,60.67,49.3,44.27
14-04-2019,51.41,70.05,57.27,46.79
15-04-2019,59.67,47.05,48.11,37
16-04-2019,57.91,33.73,32.58,14.92
17-04-2019,28.19,49.05,43.71,51.29
18-04-2019,56.27,91.29,79.91,76.08
19-04-2019,82.42,126.52,127.37,83.69
20-04-2019,106.17,138.64,123.88,101.44
21-04-2019,122.11,120.04,108.1,117.21
22-04-2019,143.57,123.69,123.42,96.35
23-04-2019,128.3,107.56,87.67,73.08
24-04-2019,112.82,94.23,81.74,69.27
25-04-2019,94.85,103.07,83.01,90.85
26-04-2019,110.46,86.21,70.66,53.88
27-04-2019,64.02,82.88,82.04,55.5
28-04-2019,66.28,98.36,82.26,69.69
29-04-2019,84.86,116.02,71.42,82.33
30-04-2019,118.26,112.39,121.84,109.83
01-05-2019,147.84,77.2,76.56,63.31
02-05-2019,86.18,55.25,48.12,56.15
03-05-2019,73.69,136.16,87.41,90.85
04-05-2019,82.8,94.28,136.36,100.48
05-05-2019,93.39,218.88,163.97,129.83
06-05-2019,131.64,224.55,160.45,131.52
07-05-2019,129.28,246.47,196.83,131.9
08-05-2019,297.86,201.79,174.84,118.25
09-05-2019,200.22,143.96,109.52,76.75
10-05-2019,162.39,134.43,117.94,99.65
11-05-2019,151.4,232.05,203.25,137.54
12-05-2019,220.74,207.85,161.67,175.29
13-05-2019,231.29,64.15,61.77,74.27
14-05-2019,88.56,99.67,90.15,90.73
15-05-2019,119.8,97.83,63.1,81.52
16-05-2019,81.9,111.44,99.92,69.52
17-05-2019,86.85,61.14,51.2,36.25
18-05-2019,44.74,108.0,97.2,68.27
19-05-2019,79.23,117.62,116.57,89.92
20-05-2019,106.28,96.65,97.73,65.75
21-05-2019,78.77,91.82,84.8,52.6
22-05-2019,78.4,151.47,116.98,84.21
23-05-2019,104.44,67.14,47.44,58.45
24-05-2019,64.44,72.93,47.32,34.04
25-05-2019,39.74,68.07,64.01,48.11
26-05-2019,53.52,74.69,70.88,54.52
27-05-2019,83.08,54.53,84.36,60.67
28-05-2019,69.32,101.06,90.27,71.35
29-05-2019,85.19,117.21,62.13,81.94
30-05-2019,94.48,83.51,82.52,82.58
31-05-2019,98.49,110.17,105.42,106.02
01-06-2019,113.05,80.45,76.54,67.79
02-06-2019,78.23,62.34,61.92,57.12
03-06-2019,67.74,57.52,55.97,48.4
04-06-2019,56.99,94.44,75.65,66.83
05-06-2019,75.75,74.46,69.71,68.38
06-06-2019,84.33,61.74,54.1,52.04
07-06-2019,61.43,70.06,54.29,65.08
08-06-2019,87.26,115.15,107.46,101.29
09-06-2019,137.4,74.43,71.36,68.82
10-06-2019,101.17,101.36,100.3,100.62
11-06-2019,125.11,53.86,50.21,45.5
12-06-2019,73.93,51.33,48.77,50.85
13-06-2019,62.07,59.27,54.71,48.67
14-06-2019,58.38,92.29,84,68.22
15-06-2019,89.36,39.02,43.11,39.15
16-06-2019,46.55,38.54,40.22,36.54
17-06-2019,51.95,39.4,36.07,28.04
18-06-2019,40,88.04,82.76,101.93
19-06-2019,117.86,44.31,39.44,44.94
20-06-2019,54.58,90.45,78.15,70.4
21-06-2019,79.38,94.86,76.4,67.48
22-06-2019,74.72,48.88,43.2,33.96
23-06-2019,35.38,27.05,27.4,21.43
24-06-2019,21.83,63.28,59.12,45.22
25-06-2019,46.09,68.42,65.87,77.15
26-06-2019,74.18,80.58,71.66,60.27
27-06-2019,70.92,82.89,75.21,53.71
28-06-2019,65.36,74.11,69.73,53.33
29-06-2019,67.65,69.33,59.52,61.23
30-06-2019,80.72,55.76,56.34,72.12
01-07-2019,89.83,68.32,64.43,62.81
02-07-2019,88.68,47.62,40.09,30.21
03-07-2019,36.94,73.14,34.14,40.69
04-07-2019,46.75,55.68,50.59,77.65
05-07-2019,80.53,50.57,40.06,26.88
06-07-2019,30.78,54.12,44.54,0
07-07-2019,49.01,52.9,52.12,46.04
08-07-2019,60.39,52.29,43.85,37.24
09-07-2019,46.42,72.97,77.67,68.18
10-07-2019,80.77,73.66,80.28,67.44
11-07-2019,82.64,76.18,86.41,90.1
12-07-2019,87.02,60.28,63.82,70.58
13-07-2019,80.02,56.55,64.83,58.31
14-07-2019,63.97,36.07,44.39,31.5
15-07-2019,40.3,29.5,33.62,23.14
16-07-2019,31.49,29.88,34.24,40
17-07-2019,41.43,31.46,54.38,29.47
18-07-2019,40.53,74.46,69.04,64.79
19-07-2019,76.91,52.46,49.75,41.45
20-07-2019,56.3,55.73,54.34,0
21-07-2019,67.69,67.19,70.45,52.36
22-07-2019,71.85,69.59,154.23,73.14
23-07-2019,87.73,61.01,71.82,59.51
24-07-2019,70.31,22.41,24.71,23.98
25-07-2019,25.33,39.18,44.64,30.12
26-07-2019,26,30.14,34.91,26.04
27-07-2019,23.9,32.07,34.95,18.89
28-07-2019,16,34.03,39.17,21.22
29-07-2019,24.02,35.75,48.22,27.52
30-07-2019,29.07,41.67,42.44,26.22
31-07-2019,28.8,47.62,46.34,28.65
01-08-2019,33.04,43.28,33.37,29.43
02-08-2019,33.06,40.38,44.64,36.58
03-08-2019,39.8,56.09,48.87,45.27
04-08-2019,50.69,75.02,67.32,50.14
05-08-2019,49.98,35.91,34.66,31.28
06-08-2019,37.34,35.45,37.51,35.09
07-08-2019,44.7,41.48,46.24,27.44
08-08-2019,27.74,17.58,20.02,9.97
09-08-2019,16.6,24.4,23.72,13.85
10-08-2019,33,36.56,39.47,20.5
11-08-2019,30.8,25.78,25.67,17.55
12-08-2019,26.42,26.74,29.28,18.98
13-08-2019,26.9,36.09,37.24,38.65
14-08-2019,49.41,34.25,36.11,27.08
15-08-2019,33.19,20.67,21.05,10.96
16-08-2019,17.62,13.45,18.05,5.67
17-08-2019,9.42,18.32,20.46,15.53
18-08-2019,20.17,46.17,52.99,40.11
19-08-2019,52.45,44.26,47.38,40.74
20-08-2019,53.27,59.52,61.39,54.14
21-08-2019,64.88,53.01,52.76,50.92
22-08-2019,67.15,56.84,57.24,50.04
23-08-2019,68.53,66.94,68.88,65.77
24-08-2019,85,42.31,41.32,32.29
25-08-2019,39.15,30.96,37.91,20.42
26-08-2019,27.08,55.18,58.68,47.6
27-08-2019,45.62,54.62,57.32,45.79
28-08-2019,38.39,45.25,44.53,26.92
29-08-2019,38.6,71.67,72.08,36.17
30-08-2019,49.16,74.33,76.27,51.67
31-08-2019,65.73,56.58,44.04,23.02
01-09-2019,29.11,56.32,63.85,51.25
02-09-2019,60.69,83.65,87.98,78.38
03-09-2019,79,86.32,92.76,62.71
04-09-2019,75.79,50.33,45.23,29.19
05-09-2019,33.27,52.92,52.1,31.75
06-09-2019,38.06,46.25,47.31,20.64
07-09-2019,38.46,48.71,41.28,29.9
08-09-2019,41.93,77.62,63.55,57.29
09-09-2019,68.58,74.92,71.96,62.94
10-09-2019,79.75,98.68,98.59,70.25
11-09-2019,84.88,73.7,67.44,42.27
12-09-2019,53.77,47.88,42.02,24.8
13-09-2019,32.32,35.57,34.89,23.56
14-09-2019,34.68,41.06,39.7,34
15-09-2019,39.79,71.61,67.32,64.35
16-09-2019,70.14,65.24,63.8,59.85
17-09-2019,75.49,47.42,41.33,30
18-09-2019,32.38,36.39,30.39,19.26
19-09-2019,17.66,67.35,62.94,46.47
20-09-2019,40.44,67.78,43.31,39.4
21-09-2019,38.34,45.29,33.88,25.15
22-09-2019,26.99,48.97,45.59,36.65
23-09-2019,31.12,43.69,36.28,37.65
24-09-2019,41.64,40.14,35.5,24.3
25-09-2019,34.61,36.33,37.73,27.71
26-09-2019,25.7,24.96,22.46,12.65
27-09-2019,13.26,32.29,35.1,24.85
28-09-2019,23.45,29.17,26.18,16.29
29-09-2019,14.05,49.94,37.09,26.4
30-09-2019,26.86,49.25,36.89,28.88
01-10-2019,31.6,51.02,43.45,41.12
02-10-2019,45.18,66.08,71.84,65.54
03-10-2019,76.57,49.77,46.49,47.92
04-10-2019,56.08,55.12,47.47,41.96
05-10-2019,45.47,71.08,62,63.5
06-10-2019,68.06,66.67,57.32,55.02
07-10-2019,59.12,65.88,47.52,46.52
08-10-2019,48.73,98.08,85.08,73.62
09-10-2019,79.78,140.78,126.63,131.52
10-10-2019,120.05,137.65,109.29,104.92
11-10-2019,135.77,131.04,115.57,125.85
12-10-2019,133.61,157.45,156.59,182.96
13-10-2019,183.17,141.53,131.68,142.85
14-10-2019,147.56,164.56,154.2,149.03
15-10-2019,172.25,186.27,157.48,159.04
16-10-2019,162.51,164.69,161.66,144.29
17-10-2019,129.47,153.94,107.92,69.76
18-10-2019,70,99.62,84.99,98.88
19-10-2019,106.09,119.67,111.13,103.1
20-10-2019,112.29,144.97,131.4,132
21-10-2019,123.93,110.28,128.84,104.77
22-10-2019,121.97,165.21,155.57,157.72
23-10-2019,176.73,198.11,190.16,185.59
24-10-2019,229.76,176.34,154.07,137.88
25-10-2019,147.95,222.59,174.96,185.25
26-10-2019,193.56,237.1,233.84,237.49
27-10-2019,234.49,258.17,246.03,301.48
28-10-2019,352.24,316.92,296.06,346.31
29-10-2019,410.07,334.26,312.47,341.92
30-10-2019,373.41,437.62,349.66,373.38
31-10-2019,409.59,462.72,389.23,394.53
01-11-2019,455.22,417.17,343.9,383.05
02-11-2019,379.18,703.0,629.58,656.98
03-11-2019,599.53,324.17,311,442.59
04-11-2019,381.55,246.78,226.57,240
05-11-2019,240.27,139.42,120.3,103.64
06-11-2019,121.78,207.42,185.18,201.55
07-11-2019,213.62,163.67,147.38,193.79
08-11-2019,205.04,185.76,154.46,144.91
09-11-2019,144.52,243.42,302.65,227.8
10-11-2019,234.7,305.17,179.11,324.54
11-11-2019,333.03,492.38,442.82,427.83
12-11-2019,450.64,458.58,424.89,384.72
13-11-2019,405.96,371.3,396.71,390.26
14-11-2019,425.42,519.38,503.3,395.58
15-11-2019,386.04,222.74,192.02,155.21
16-11-2019,162.46,118.74,114.58,95.32
17-11-2019,98.15,117.15,154.88,115.9
18-11-2019,126.14,163.78,162.79,159.89
19-11-2019,185.27,259.07,234.24,234.74
20-11-2019,227.29,264.39,237.84,253.81
21-11-2019,282.17,260.58,216.1,266.56
22-11-2019,264.22,143.78,133.29,134.17
23-11-2019,139.43,128.55,122.1,98.24
24-11-2019,96.8,175.09,154.33,113.06
25-11-2019,120.18,128.56,131.52,121.17
26-11-2019,114.74,70.34,61.53,85.6
27-11-2019,109.93,40.58,34.52,31.15
28-11-2019,35.53,77.29,64.17,58.08
29-11-2019,57.01,115.08,121.08,102.08
30-11-2019,112.25,152.88,168.76,127.74
01-12-2019,135.8,190.33,210.98,142.17
02-12-2019,158.7,205.54,209.31,154.77
03-12-2019,167.5,228.25,195.69,228.18
04-12-2019,207.24,327.3,350.97,344.07
05-12-2019,319.23,260.2,294.37,242.12
06-12-2019,252.17,277.95,285.29,242.35
07-12-2019,302.58,268.6,295.9,256.21
08-12-2019,297.56,244.56,269,203.71
09-12-2019,242.44,327.12,289.71,279.19
10-12-2019,292.69,401.32,353.05,344.29
11-12-2019,340.33,331.26,303.06,319.95
12-12-2019,303.67,98.79,99.97,101.97
13-12-2019,102.1,88.03,92.7,91.88
14-12-2019,89,104.4,111.59,105.48
15-12-2019,92.83,87.35,95.91,102.89
16-12-2019,96.98,115.81,124.88,105.08
17-12-2019,108.3,170.46,164.58,179.96
18-12-2019,178.75,320.42,314.07,310.22
19-12-2019,326.1,314.67,344.24,444.12
20-12-2019,503.94,213.54,230.42,297.5
21-12-2019,313.38,153.08,152.85,155.54
22-12-2019,160.89,180.74,164.27,192.48
23-12-2019,198.3,263.32,271.87,303.25
24-12-2019,328.19,164.69,161.97,171.33
25-12-2019,187.57,205.68,186.85,223.72
26-12-2019,217.88,266.96,250.26,300.82
27-12-2019,292.34,277.67,252.43,307.98
28-12-2019,336.75,306.83,299.71,339.47
29-12-2019,359.65,334.53,333.18,352.36
30-12-2019,369.66,376.04,289.81,250.01
31-12-2019,290.57,427.91,304.32,362.84
01-01-2020,367.38,304.67,251.28,332.21
02-01-2020,361.69,249.79,219.51,294
03-01-2020,389.3,300.32,269.07,272.01
04-01-2020,209.88,204.33,191.4,206.46
05-01-2020,189.56,207.42,170.52,177.75
06-01-2020,170.26,139.79,131.31,148.67
07-01-2020,142.56,115.25,110.49,146
08-01-2020,145.7,105.5,97.07,100.88
09-01-2020,111.38,147.17,140.2,150.77
10-01-2020,148.54,170.96,189.64,165.69
11-01-2020,164.28,240.92,206.66,259.67
12-01-2020,260.68,219.42,198.34,250
13-01-2020,259.22,114.08,98.29,155.02
14-01-2020,143.28,130.0,116.96,129.1
15-01-2020,118.79,150.05,147.45,175.67
16-01-2020,163.94,126.42,136.22,109.23
17-01-2020,106.42,127.19,119.11,153.04
18-01-2020,171.87,125.54,136.52,157.08
19-01-2020,153.73,153.08,186.82,184.52
20-01-2020,181.78,312.67,299.3,246.92
21-01-2020,243.08,180.79,195.83,235.5
22-01-2020,235.97,91.58,96.89,78.79
23-01-2020,74.64,118.43,116.57,96.27
24-01-2020,91.35,193.89,186.36,171.81
25-01-2020,159.07,232.89,278.43,271.06
26-01-2020,292.98,236.27,229.38,244.42
27-01-2020,238.67,116.42,102.81,115.11
28-01-2020,105.43,97.04,90.62,96.98
29-01-2020,82.7,118.94,112.09,89.83
30-01-2020,81.83,120.46,127.8,101.31
31-01-2020,91.3,140.38,134.91,154.19
01-02-2020,130.43,150.09,162.56,128.12
02-02-2020,125.08,211.85,176.37,159.04
03-02-2020,154.68,218.28,215.03,227.1
04-02-2020,208.78,205.76,214.16,173.23
05-02-2020,133.15,227.35,164.14,135.81
06-02-2020,132.27,175.58,154.45,155.42
07-02-2020,163.25,201.21,179.65,150.5
08-02-2020,145.22,206.08,216.66,144.46
09-02-2020,150.05,221.64,127.41,172.35
10-02-2020,178.18,204.15,198.36,157.23
11-02-2020,184.85,200.8,222.3,173.42
12-02-2020,173.61,125.55,126.59,103.52
13-02-2020,100.43,105.32,96.71,75.1
14-02-2020,85.24,125.79,134.1,91.68
15-02-2020,85.67,211.96,193.36,137.97
16-02-2020,137.48,237.95,232.65,163.8
17-02-2020,188.72,193.62,177.63,119.41
18-02-2020,130.99,212.25,187.26,149.25
19-02-2020,150.86,130.83,107.46,110.35
20-02-2020,102.93,69.18,47.1,59.12
21-02-2020,54.28,68.54,72.82,86.48
22-02-2020,74.28,111.29,113.46,133.29
23-02-2020,111.16,100.25,81.58,82.94
24-02-2020,59.46,156.75,181.92,134.31
25-02-2020,96.35,191.67,214.81,155.77
26-02-2020,124.38,160.12,140.43,111.42
27-02-2020,93.71,98.0,90.01,87.81
28-02-2020,71.98,71.37,60.79,62.15
29-02-2020,53.34,57.77,54.85,56.75
01-03-2020,61.67,119.04,106.86,141.75
02-03-2020,128.45,130.96,109.84,120.19
03-03-2020,99.96,101.29,94.42,85.92
04-03-2020,84.32,43.11,34.56,37.81
05-03-2020,32,32.77,28.62,26.98
06-03-2020,19.57,61.09,49.97,52.12
07-03-2020,43.15,81.5,91.51,138.41
08-03-2020,101.52,76.58,80.37,65.75
09-03-2020,65.65,89.55,99.64,90.79
10-03-2020,176.46,64.42,64.89,62.42
11-03-2020,52.9,66.29,64.68,73.02
12-03-2020,70.05,106.71,91.03,61.98
13-03-2020,60.01,53.07,42.4,45.35
14-03-2020,45.72,96.23,72.53,71.71
15-03-2020,63.52,98.21,84.76,67.33
16-03-2020,65,105.81,96.06,57.35
17-03-2020,71.41,93.0,93.46,52.59
18-03-2020,69.72,127.3,127.94,96.08
19-03-2020,109.36,102.33,103.09,119.11
20-03-2020,113.91,132.26,122.77,93
21-03-2020,94.34,98.9,89.91,84.75
22-03-2020,84.56,67.56,62.49,66.83
23-03-2020,63.43,70.41,48.77,62.25
24-03-2020,98.91,56.04,42.65,38.69
25-03-2020,42.55,74.1,63.33,44.25
26-03-2020,44.99,38.93,41.08,20.58
27-03-2020,25.54,29.31,0,21.15
28-03-2020,22.69,41.98,0,19.94
29-03-2020,29.11,58.62,0,27.42
30-03-2020,31.88,55.69,0,30.44
31-03-2020,35.85,32.14,31.01,33.54
01-04-2020,37.04,0.0,33.72,26.06
02-04-2020,30.54,0.0,42.59,23.31
03-04-2020,30.67,0.0,54.07,35
04-04-2020,0,0.0,65.02,61.48
05-04-2020,0,0.0,64.82,79.72
06-04-2020,0,33.55,38.96,17.43
07-04-2020,0,45.25,32.29,24.79
08-04-2020,0,58.67,46.18,29.27
09-04-2020,0,76.46,69.97,51.31
10-04-2020,0,63.29,54.13,78.49
11-04-2020,0,58.54,47.09,31.25
12-04-2020,0,96.7,75.86,49.57
13-04-2020,0,98.67,77.38,51.91
14-04-2020,0,90.79,65.86,64.06
15-04-2020,0,81.12,83.24,95.12
16-04-2020,0,34.33,25.57,25.38
17-04-2020,0,38.71,28.3,25.65
18-04-2020,0,54.71,35.03,34.27
19-04-2020,46.95,81.0,60.84,58.27
20-04-2020,64.41,59.12,42.84,39.77
21-04-2020,53.34,83.12,70.03,69.88
22-04-2020,68.68,76.96,66.6,46.1
23-04-2020,57.3,99.62,80.15,60.06
24-04-2020,63.89,35.42,26.78,28.83
25-04-2020,34.1,53.16,38.34,47.69
26-04-2020,49.4,38.83,26.4,26.88
27-04-2020,28.59,60.92,44.1,44.33
28-04-2020,46.1,73.54,51.94,55.06
29-04-2020,56.14,69.08,49.8,47.75
30-04-2020,37.92,89.67,78.85,59.08
01-05-2020,0,44.21,34,33.04
02-05-2020,0,42.88,33.36,33.46
03-05-2020,0,41.46,29.13,30.25
04-05-2020,0,74.9,56.38,67.42
05-05-2020,0,81.59,71.02,55.2
06-05-2020,0,47.61,35.13,32.79
07-05-2020,0,77.14,52.43,48.54
08-05-2020,0,69.42,52.1,51.08
09-05-2020,0,54.12,43.68,41.17
10-05-2020,0,59.76,45.19,41.23
11-05-2020,0,57.33,52.14,46.27
12-05-2020,0,99.17,89.74,65.6
13-05-2020,0,87.67,72.14,57.51
14-05-2020,0,68.92,56.91,45.54
15-05-2020,70.6,127.46,90.09,68.85
16-05-2020,78.74,140.86,122.49,83.12
17-05-2020,96.64,127.68,128.36,100.19
18-05-2020,89.11,147.39,131.42,104.62
19-05-2020,114.94,94.72,72.64,56.02
20-05-2020,61.26,75.84,62.17,45.28
21-05-2020,61.11,127.31,121.37,94.44
22-05-2020,128.9,91.94,92.01,81.38
23-05-2020,105.38,63.18,64.46,70.52
24-05-2020,92.26,78.15,77.44,51.65
25-05-2020,69.08,85.92,81.56,41.31
26-05-2020,67.48,46.88,46.6,35.97
27-05-2020,61.12,40.96,40.19,32.67
28-05-2020,56.92,33.38,24.8,26.44
29-05-2020,40.21,30.0,25.06,21.52
30-05-2020,30.82,0.0,25.72,21.25
31-05-2020,28.61,65.0,42.45,50.48
01-06-2020,52.7,60.17,54.92,49.77
02-06-2020,61.58,58.77,53.65,46.76
03-06-2020,77.2,97.77,72.8,83.92
04-06-2020,96.36,53.57,50.4,49.02
05-06-2020,57.98,52.9,36.8,32.75
06-06-2020,43.73,52.88,35.91,43.65
07-06-2020,53.08,57.42,48.67,70.1
08-06-2020,68.74,72.24,65.92,62.15
09-06-2020,84.38,62.88,66.16,71.11
10-06-2020,92.68,56.42,55.58,55.81
11-06-2020,83.31,73.96,63.06,60.71
12-06-2020,86.82,0.0,48.59,55.33
13-06-2020,81.82,61.67,71.3,84.85
14-06-2020,109.94,58.12,51.6,47.83
15-06-2020,72.34,52.08,38.94,34.83
16-06-2020,58.33,45.38,33.43,32.31
17-06-2020,47.86,42.47,34.18,35.62
18-06-2020,49.46,59.42,57.96,51
19-06-2020,83.53,36.1,40.06,33.81
20-06-2020,60.69,0.0,46.07,44.04
21-06-2020,57.39,55.72,43.33,43.15
22-06-2020,52.09,36.99,31.92,28.67
23-06-2020,30.95,41.11,37.28,35.46
24-06-2020,39.81,51.98,47.26,52.71
25-06-2020,56.98,56.27,61.01,54.6
26-06-2020,59,46.04,52.89,35.71
27-06-2020,43.83,54.29,74.48,51.81
28-06-2020,65.47,43.71,51.78,45.44
29-06-2020,58.7,53.83,45.27,43.91
30-06-2020,45.61,61.67,52.8,48.39
01-07-2020,54.88,70.33,63.62,64.07
02-07-2020,68.84,74.25,62.37,62.74
03-07-2020,70.45,52.29,44.58,44.22
04-07-2020,48.75,30.62,22.04,26.3
05-07-2020,30.62,56.42,47.58,46.93
06-07-2020,51.68,35.47,22.5,21.79
07-07-2020,19.78,32.96,25.32,26.25
08-07-2020,29.83,44.51,39.72,43.5
09-07-2020,44.78,32.34,31.72,24.62
10-07-2020,26.94,23.0,25.86,24.5
11-07-2020,15.11,25.7,23.06,23.19
12-07-2020,23.21,34.38,20.62,23.01
13-07-2020,39.38,34.0,35.96,42.81
14-07-2020,44.32,43.46,46.87,40.09
15-07-2020,51,45.32,41.51,38.21
16-07-2020,38.72,43.19,33.08,32.65
17-07-2020,50.3,56.88,44.54,45.96
18-07-2020,35.5,49.09,39.98,34.81
19-07-2020,30.52,30.0,20.75,29.29
20-07-2020,19.82,23.71,18.28,20.61
21-07-2020,25.24,26.11,19.82,23.28
22-07-2020,30.6,33.11,29.61,39.52
23-07-2020,47.45,40.62,37.76,41.21
24-07-2020,47.45,53.79,59.47,57.63
25-07-2020,29.49,39.03,35.22,31.04
26-07-2020,45.29,53.48,44.33,51.73
27-07-2020,46.27,47.0,36.06,47.82
28-07-2020,24.22,29.05,36.13,25.19
29-07-2020,28.54,27.9,27.93,24.96
30-07-2020,23.83,23.9,18.78,23.02
31-07-2020,50.7,46.22,44.24,43.04
01-08-2020,33.82,35.7,35.83,29.69
02-08-2020,26.82,27.17,24.85,21.35
03-08-2020,29.71,29.58,28.78,23.98
04-08-2020,30.45,27.62,25.55,29.04
05-08-2020,47.32,42.12,41.36,48.4
06-08-2020,25.47,21.17,23.69,15.79
07-08-2020,24.07,28.0,27.44,20.81
08-08-2020,55.19,52.52,57.28,50.02
09-08-2020,38.59,32.88,31.06,36
10-08-2020,38.23,44.62,39.66,35.33
11-08-2020,48.04,40.96,46.21,48.79
12-08-2020,25.94,21.21,23.21,25.29
13-08-2020,17.79,19.13,14.97,23
14-08-2020,24.85,23.52,24.38,28.6
15-08-2020,33.82,36.75,34.9,34.96
16-08-2020,22.48,28.33,22.39,21.33
17-08-2020,34.1,36.3,30.29,30.73
18-08-2020,43.33,35.24,36.07,32
19-08-2020,25.38,30.5,22.53,25.65
20-08-2020,22.78,19.71,20.72,22.75
21-08-2020,21.59,20.71,22.05,19.65
22-08-2020,21.83,17.0,19.12,14.85
23-08-2020,18.15,19.5,18.67,14.88
24-08-2020,12.85,23.92,17.65,18.26
25-08-2020,15.32,26.17,17.77,16.95
26-08-2020,16.68,16.67,24.02,17.29
27-08-2020,21.35,25.42,32.1,22.48
28-08-2020,36.46,33.67,37.91,39.65
29-08-2020,48.76,38.22,46.49,51.58
30-08-2020,20.78,23.08,0,0
31-08-2020,11.72,16.3,12,8.74
01-09-2020,17.2,20.8,19.53,14.02
02-09-2020,28.41,31.01,27.54,29.6
03-09-2020,36.72,45.04,42.63,39.25
04-09-2020,42.08,46.93,55.82,42.65
05-09-2020,47.21,54.26,60.52,50.17
06-09-2020,47.37,32.76,31.68,46.08
07-09-2020,81.46,40.8,46.72,98.85
08-09-2020,38.11,35.41,41.68,38.35
09-09-2020,47.74,63.22,67.56,50
10-09-2020,52.78,53.22,63.67,56.29
11-09-2020,58.35,65.69,66.18,82.5
12-09-2020,62.75,67.16,75.83,81.44
13-09-2020,67.73,72.69,77.31,100.96
14-09-2020,84.95,62.78,78.59,94.02
15-09-2020,83.19,64.69,77.56,95.55
16-09-2020,69.47,62.59,75.04,82.7
17-09-2020,51.48,50.42,61.43,58.42
18-09-2020,27.54,45.96,49.99,53.54
19-09-2020,30.57,64.48,66.72,70.7
20-09-2020,52.89,79.5,79.38,94.81
21-09-2020,41.58,62.42,66.11,78.52
22-09-2020,24.89,51.04,47.83,47.94
23-09-2020,16.76,33.92,35.31,24.5
24-09-2020,31,48.79,44.12,54.12
25-09-2020,42.42,66.67,67.97,55
26-09-2020,53.31,77.71,87.92,53.62
27-09-2020,19,52.96,49.88,44.6
28-09-2020,46.64,90.54,83.09,61.1
29-09-2020,51.03,89.38,89.09,67.65
30-09-2020,41.14,72.62,70.55,61.65
01-10-2020,45.7,73.54,77.27,66.83
02-10-2020,0,84.38,98.93,81.54
03-10-2020,63.21,86.21,105.73,86.62
04-10-2020,71.06,93.32,92.57,100.96
05-10-2020,57.22,98.93,87.84,76.1
06-10-2020,70.95,113.59,100.49,92.52
07-10-2020,119.7,126.88,130.69,179.22
08-10-2020,78.14,113.83,100.64,101.08
09-10-2020,94.46,122.25,101.47,107.43
10-10-2020,95.53,125.88,112.29,111.4
11-10-2020,100.83,127.25,123.46,109.91
12-10-2020,171.16,165.54,152.33,206.81
13-10-2020,135.01,180.33,176.88,172.47
14-10-2020,137.6,167.33,157.53,194.82
15-10-2020,163.97,188.21,165.44,213.85
16-10-2020,131.31,134.08,128.85,146.54
17-10-2020,152.93,190.42,162.43,166.73
18-10-2020,109.3,154.54,123.21,132.67
19-10-2020,127.77,152.67,150.44,141.44
20-10-2020,100.55,137.46,132.61,130.43
21-10-2020,143.01,149.58,138.57,149.3
22-10-2020,204.54,219.04,193.34,246.23
23-10-2020,266.35,285.25,246.87,299.06
24-10-2020,257.94,284.27,229.49,266.48
25-10-2020,297.67,259.74,193.63,303.29
26-10-2020,249.48,252.02,198.42,280.8
27-10-2020,183.49,202.95,185.82,190.72
28-10-2020,213.41,247.95,201.21,224.4
29-10-2020,314.1,373.17,229.54,348.42
30-10-2020,245.32,293.83,275.07,266.84
31-10-2020,285.95,316.29,295.08,310.53
01-11-2020,307.15,324.58,274.4,313.02
02-11-2020,203.07,212.08,191.39,226.73
03-11-2020,171.83,205.38,179.9,176.3
04-11-2020,372.05,385.51,369.8,396.42
05-11-2020,320.97,347.12,300.22,333.28
06-11-2020,303.48,338.29,304.96,314.08
07-11-2020,372.3,449.22,382.47,372.4
08-11-2020,434.74,440.79,381.11,471.93
09-11-2020,559.95,650.05,624.63,531.24
10-11-2020,537.7,479.77,609.78,244.32
11-11-2020,272.14,246.21,233.2,248.81
12-11-2020,219.93,204.12,203.5,202.88
13-11-2020,291.94,322.67,254.23,297.25
14-11-2020,476.25,553.38,474.95,474.15
15-11-2020,298.01,396.3,192.57,316.74
16-11-2020,98.12,105.83,86.41,109.5
17-11-2020,88.29,89.58,87.74,94.17
18-11-2020,113.9,148.0,118.67,136.52
19-11-2020,197.49,196.61,149.15,217.67
20-11-2020,153.16,207.57,165.93,164.73
21-11-2020,115.25,156.72,135.61,123.1
22-11-2020,153.29,187.49,179.96,155.12
23-11-2020,227.46,231.0,199.91,246.08
24-11-2020,340.61,299.74,270.51,367.33
25-11-2020,322.77,361.97,342.27,352.46
26-11-2020,120.01,113.35,52.5,145.14
27-11-2020,75.12,93.9,103.99,95.73
28-11-2020,124.69,135.08,135.48,143.34
29-11-2020,173.28,170.88,176.81,167.85
30-11-2020,222.11,220.25,216.25,220.72
01-12-2020,319.3,271.54,273.18,288.82
02-12-2020,216.66,242.21,244.8,274.06
03-12-2020,221.95,257.38,250.12,246.21
04-12-2020,329.72,399.42,387.46,367.05
05-12-2020,283.09,348.5,298.12,340.95
06-12-2020,279.36,347.08,372.05,323.46
07-12-2020,325.58,282.96,268.82,362.33
08-12-2020,260.68,260.75,265.35,262.44
09-12-2020,271.56,239.21,228.96,298.62
10-12-2020,201,128.0,147.5,235
